// Coefficient memory for compact_sinc
// ----------------------------------------------
//   Bits per coeff.:          64
//   Endianness.:              big
//   Table mode:               high
//   Table size:               65.536kB
//   LOP (level of precision): highp
//   Effective scaling factor: 1
//   Measured avg. accuracy:   6.175721085151008e-05
//   Min accuracy:             0.0
//   Max accuracy:             0.05075096930549362//

// Each line contains a value (coeff.) corresponding to the function compact_sinc.
// This file was automatically generated with the command: --sinc -sinc-k -hp 2 -bw 64 --auto-off

// *Do not* make any manual changes to this file
// File generated @ 2025-07-15 15:16:30.596180
// Author: topologicalhurt csin0659@uni.sydney.edu.au
//
//
0000000000000000
fdf54c2feb795440
67c8ed6ff4784440
6229f355cc493b40
e77520b819753440
1f1d8b5f5e5b3040
bce7dd8a3d3e2b40
2539aa6a27552740
fafe4333b3652440
0058332aab1c2240
dd4c5c4d22482040
9375ff89a6901d40
0ebf76b91f101b40
62c261895cf11840
b4a8806d6a1f1740
973e89e6ec8a1540
14d4119e5e281440
d4e0643cf0ee1240
553db8a1c7d71140
7726d9ff7bdd1040
b38a7b0b73f70f40
5bcab4d8fe5d0e40
8e86ecffdfe80c40
43fa42595a930b40
c13d1acf7b590a40
7889f7f3f3370940
31b3f4ebf42b0840
7e6fc23e1b330740
792717d85a4b0640
0e875ef6ef720540
23efde1c53a80440
1268215b2fea0340
7889f5665a370340
600d1726ce8e0240
09b8c45ba3ef0140
3c1ee53f0d590140
917c4fd255ca0040
0782a0c6da420040
f48e02d91584ff3f
9aa514fcc78efe3f
1f4ac884e1a4fd3f
9ed186ec8ec5fc3f
4f4e38dd10f0fb3f
a9e323d8b923fb3f
2c16c82eec5ffa3f
71ecea4018a4f93f
8a6559f5baeff83f
9cc298645c42f83f
a30c41ae8e9bf73f
c1abe8f2ecfaf63f
b785826d1a60f63f
a3acdda7c1caf53f
7ca59fc6933af53f
c96e9fe947aff43f
f80afd9d9a28f43f
a3aeb35f4da6f33f
a740b7282628f33f
aa5ef30befadf23f
14d4bcda7537f23f
423778d38bc4f13f
e6ae62580555f13f
73f28dadb9e8f03f
896c3fbd827ff03f
26d3fce13c19f03f
5e7e4e6b8d6bef3f
36ba32ca01aaee3f
136d9c0f9ceded3f
5f6949f62436ed3f
d859c1816883ec3f
fea22ac135d5eb3f
b4fd5c975e2beb3f
9b86ad87b785ea3f
e6b0fe8617e4e93f
086dabd05746e93f
8c25f0be53ace83f
3f297ea6e815e83f
38e2eeb4f582e73f
a5f9d3d15bf3e63f
8c642882fd66e63f
4169eccdbedde53f
7012bc278557e53f
d24f345637d4e43f
4a49ff5ebd53e43f
9a37647300d6e33f
4b7b3adeea5ae33f
9db422f367e2e23f
1f57ebfe636ce23f
5ca40839ccf8e13f
09290ab68e87e13f
46d0f95a9a18e13f
9b6592d1deabe03f
2bf73c7d4c41e03f
c5f38be1a8b1df3f
3dbd78c9d0e4de3f
23e8db5cf51bde3f
a203eb6efc56dd3f
e3ff9febcc95dc3f
085ddec84ed8db3f
da3781f86a1edb3f
b7c3415b0b68da3f
501267b41ab5d93f
f33b319e8405d93f
4e13f37e3559d83f
2f8ece7e1ab0d73f
41f6087e210ad73f
b7c9ec0b3967d63f
99f62f5e50c7d53f
c7ced548572ad53f
3bb584363e90d43f
b91c4821f6f8d33f
c2f8b78b7064d33f
0d417f7a9fd2d23f
459c3b6e7543d23f
98b1b05de5b6d13f
1c044ab0e22cd13f
6c95e63861a5d03f
6de1e9305520d03f
5f241c67663bcf3f
2c26e772e03ace3f
a8d7d428033fcd3f
f913e4d6b947cc3f
1eafd86df054cb3f
bf64027a9366ca3f
d30f5f1c907cc93f
650e1304d496c83f
8e0633684db5c73f
5a91da01ebd7c63f
b7968b069cfec53f
756ad2225029c53f
28f72a75f757c43f
7e7f2389828ac33f
41b3b952e2c0c23f
cc08ef2908fbc13f
3c7a91c6e538c13f
a9f1353c6d7ac03f
f0b0c3ec217fbf3f
95c8c2698710be3f
adbf9010f1a8bc3f
259e369d4548bb3f
78da3d606ceeb93f
664298384d9bb83f
2a3ecd8dd04eb73f
9d10694adf08b63f
44e5aad662c9b43f
87ac6e134590b33f
76ed4f55705db23f
acdf0260cf30b13f
e540e1614d0ab03f
670251dfabd3ad3f
e3facd00aa9eab3f
13442cd36d75a93f
ead2beb6d057a73f
ba9114baac45a53f
22672293dc3ea33f
eef1b7983b43a13f
fa5377784ba59e3f
73895607efd99a3f
d8c3ba071c24973f
ee5903b68d83933f
6b0773ad00f08f3f
f11cf5586202893f
843c9fdcbc3d823f
f571b9f91c43773f
e05ef10a5db5643f
ca084a5071f641bf
dab9daa8a4146dbf
bf998611d4887abf
015f8e37a31d83bf
d1b7b4c64cd188bf
805a2e5ddd5f8ebf
625ded22e5e491bf
f481febdc38794bf
520f97dbc31897bf
86fa643b1e9899bf
3d966e060b069cbf
732d4cd4c1629ebf
085f13d83c57a0bf
b20fbf8eb474a1bf
5c615c0ee389a2bf
4294bf17e396a3bf
db84722ecf9ba4bf
6211b19ac198a5bf
ec3a4e6bd48da6bf
bde48277217ba7bf
7309a760c260a8bf
5736d693d03ea9bf
3413804b6515aabf
9bb6e59099e4aabf
1b7d843d86acabbf
70146ffc436dacbf
0163954beb26adbf
f6eefb7c94d9adbf
8660e3b75785aebf
4bb6e0f94c2aafbf
6cbbe6178cc8afbf
b4a5a05f1630b0bf
4074413ba378b0bf
0f93324ff8bdb0bf
71314e392100b1bf
0ea54f85293fb1bf
b04731ad1c7bb1bf
e1a9841906b4b1bf
7e4fc521f1e9b1bf
482aa60ce91cb2bf
b3035a10f94cb2bf
8706d7522c7ab2bf
379615ea8da4b2bf
1da14adc28ccb2bf
79981d2008f1b2bf
5938da9c3613b3bf
97479e2abf32b3bf
e6768392ac4fb3bf
0785c58e096ab3bf
38cce4cae081b3bf
ab5cc5e33c97b3bf
b6c5ca6728aab3bf
66aff0d6adbab3bf
0f64e0a2d7c8b3bf
2769032fb0d4b3bf
604593d041deb3bf
6091a6ce96e5b3bf
0b6f3b62b9eab3bf
0d833fb6b3edb3bf
048b95e78feeb3bf
49aa180558edb3bf
16869d0f16eab3bf
9c49f1f9d3e4b3bf
49a9d6a89bddb3bf
76fc00f376d4b3bf
5d830da16fc9b3bf
3aef7a6d8fbcb3bf
4c419f04e0adb3bf
4a159c046b9db3bf
f16a51fd398bb3bf
11024f705677b3bf
975bc4d0c961b3bf
05726f839d4ab3bf
db3a8adeda31b3bf
3c02b7298b17b3bf
89b1eb9db7fbb2bf
31115c6569deb2bf
a415639ba9bfb2bf
c8466b4c819fb2bf
f250d675f97db2bf
06cee3051b5bb2bf
f65497dbee36b2bf
79dd9dc67d11b2bf
7d853287d0eab1bf
60c502ceefc2b1bf
d01f123ce499b1bf
c6599d62b66fb1bf
a646fdc26e44b1bf
693489ce1518b1bf
3e0379e6b3eab0bf
eef3c65b51bcb0bf
e137116ff68cb0bf
484d7b50ab5cb0bf
ee318f1f782bb0bf
6fed3cd6c9f2afbf
2e7b4662f38cafbf
005742bd7c25afbf
6baf0c9f75bcaebf
e982189ded51aebf
d4a9312af4e5adbf
9e0f3f969878adbf
7b2c050eea09adbf
a0cfe89af799acbf
9949b222d028acbf
b206516782b6abbf
caa79f061d43abbf
75a8287aaeceaabf
c3a0eb164559aabf
c52f230defe2a9bf
da9c0b68ba6ba9bf
7b3caa0db5f3a8bf
f4a495beec7aa8bf
8ebfbe156f01a8bf
f5c13a884987a7bf
4b1b0e65890ca7bf
2b60f8d43b91a6bf
6c4041da6d15a6bf
1b9186502c99a5bf
ce748bec831ca5bf
76ac083c819fa4bf
7e197ea53022a4bf
4c7b05689ea4a3bf
6870269bd626a3bf
33c4ab2ee5a8a2bf
0f117aead52aa2bf
a8bf676eb4aca1bf
4a6a16328c2ea1bf
61accd8468b0a0bf
6b64578d5432a0bf
6ae0ba93b6689fbf
4ed2911f0f6d9ebf
d7ce4517c8719dbf
cfa2ed81f6769cbf
3a7c6c14af7c9bbf
65de3c3106839abf
76d03ee80f8a99bf
3a5089f6df9198bf
13133fc6899a97bf
6b9d666e20a496bf
c7b9c5b2b6ae95bf
bf56c0035fba94bf
fbd33a7e2bc793bf
89c57feb2dd592bf
d83229c177e491bf
31590d211af590bf
d4f52ed9250790bf
233c62c756358ebf
8a539dcd755f8cbf
3668aa69c88c8abf
e76e47986dbd88bf
468e59ae83f186bf
f5d4f858282985bf
2538839d786483bf
71dcb6d990a381bf
7362a78719cd7fbf
15bb88d50e5b7cbf
bb039d6c36f178bf
d8a194cec38f75bf
26fec22fe93672bf
072256efaecd6dbf
a93435837c3f67bf
e704a8ba97c360bf
57731b3fb5b454bf
b052b89e721040bf
b915d94c6af6313f
0d302bc321dc503f
2cc08db8bc125d3f
ff0070826890643f
fc2a6ea7e4826a3f
745c7f534530703f
594e73718a14733f
47ab3e2020ee753f
eacf0d13e6bc783f
a4f5363cbd807b3f
4874d5cb87397e3f
ef8c2b979473803f
e6d87d05c3c4813f
806823214210833f
590132760556843f
77b7be2b0196853f
518c02032ad0863f
bf6678567504883f
bc73f418d932893f
cffeb4d44b5b8a3f
0fd36caac47d8b3f
f23347503b9a8c3f
1380e510a8b08d3f
828e56ca03c18e3f
afd907ed47cb8f3f
9444583db767903f
fb369b02b9e6903f
2f82c6d6a662913f
d24747917edb913f
79b1e74f3e51923f
76b63576e4c3923f
340de7ac6f33933f
3f533ae1de9f933f
6f7655443109943f
b06aa14a666f943f
853723ab7dd2943f
f468d25e7732953f
3eefec9f538f953f
8e7948e912e9953f
3a57a1f5b53f963f
48ece6be3d93963f
01c5857dabe3963f
6c55afa70031973f
13719ff03e7b973f
2788df4768c2973f
83b687d87e06983f
f3b17d088547983f
aca4b1777d85983f
800159ff6ac0983f
f45e27b150f8983f
ec6685d6312d993f
76e8c5ef115f993f
9d1959b3f48d993f
dc16fe0cdeb9993f
59aef21cd2e2993f
c0842137d5089a3f
15a24ee2eb2b9a3f
677442d71a4c9a3f
ed56f3ff66699a3f
9dabad76d5839a3f
ff953a856b9b9a3f
536505a42eb09a3f
d2bc3f7924c29a3f
818804d852d19a3f
49cd79bfbfdd9a3f
db62f15971e79a3f
4da608fc6dee9a3f
df33c723bcf29a3f
01b7bc7762f49a3f
27df1dc667f39a3f
4f88e003d3ef9a3f
0926d74babe99a3f
ea7fcbddf7e09a3f
1dce981dc0d59a3f
034545920bc89a3f
bb1e1be5e1b79a3f
5c31c1e04aa59a3f
ad2053704e909a3f
3d3a799ef4789a3f
9f0a8094455f9a3f
71ba6f9949439a3f
1642231109259a3f
aa825f7b8c049a3f
0553ea72dce1993f
2c8fa1ac01bd993f
1b3992f60496993f
09b90f37ef6c993f
f74bcb6bc941993f
adaeeba89c14993f
be13251872e5983f
8372d1f752b4983f
b33d099a4881983f
5d8fbc635c4c983f
81d8cccb9715983f
2822275a04dd973f
fdeddea6aba2973f
17c449599766973f
d37b1b27d128973f
074d83d362e9963f
69b7492e56a8963f
7d4def12b565963f
3b70cc678921963f
8d08321ddddb953f
024c8b2cba94953f
6a9980972a4c953f
437a1b673802953f
d1d5ebaaedb6943f
ef612e78546a943f
1a5ff4e8761c943f
b0aa4c1b5fcd933f
b8346e30177d933f
90e4e34ba92b933f
acf8b9921fd9923f
16edac2a8485923f
5df45939e130923f
1f0e71e340db913f
edc6e84bad84913f
55ac3393302d913f
258077d6d4d4903f
c335c62ea47b903f
37c458b0a821903f
dcae97d3d88d8f3f
d3d5bcc6f2d68e3f
adb0643cb31e8e3f
b1c61d272e658d3f
549a4a6877aa8c3f
26f2aecea2ee8b3f
d2560115c4318b3f
80d880e0ee738a3f
dc2d8fbf36b5893f
633e4f28aff5883f
d22948776b35883f
84dc0cee7e74873f
0343e8b1fcb2863f
c32b8ecaf7f0853f
68e7d020832e853f
f3b65b7db16b843f
d116728795a8833f
85f5b3c341e5823f
77e4e692c821823f
ba4fc4303c5e813f
b4cbccb2ae9a803f
0709410e64ae7f3f
9fb8b9e6af277e3f
e488fe2664a17c3f
02bb9ab1a31b7b3f
afd284119196793f
793404784e12783f
ce93a1bafd8e763f
d0422251c00c753f
5f7b8e53b78b733f
52ae4278030c723f
caf00b12c58d703f
e2259f1c38226e3f
b0e67be64f2c6b3f
793921bc0f3a683f
187ba702b54b653f
350876467c61623f
70c0077042f75e3f
a17e5e51bd34593f
a7a2580fdd7b533f
6b1a2c7c279a4b3f
438d5043a351403f
4373d943297c243f
f8179dd028f327bf
0c6edde5040141bf
b956a728d4ec4bbf
fe38af1ab55f53bf
cb344a91febb58bf
2c7ec776e30a5ebf
316db96001a661bf
e357b0b17e3f64bf
664f2f27bbd166bf
1081da3b895c69bf
23a6dc6dbcdf6bbf
49ad9840295b6ebf
9cee219f526770bf
ae3eb47c039d71bf
0b84280793ce72bf
48fb2d92edfb73bf
89169cf7ff2475bf
6f0d0598b74976bf
34cb3c5b026a77bf
1047d4b0ce8578bf
e14c89900b9d79bf
acc2aa7aa8af7abf
7e73717895bd7bbf
11b63e31aa5bc4bf
d5bf95be0651c4bf
6009f8f1ca45c4bf
55de36bef739c4bf
2c986d1d8e2dc4bf
05eded108f20c4bf
86db2ba1fb12c4bf
5d35a9ddd404c4bf
ddc9e0dc1bf6c3bf
3e3231bcd1e6c3bf
1e41c79ff7d6c3bf
c71688b28ec6c3bf
eddbfa2598b5c3bf
5b24323215a4c3bf
67fbb4150792c3bf
aa9b67156f7fc3bf
bdd3737c4e6cc3bf
aa19319ca658c3bf
d24e0ccc7844c3bf
f0356f69c62fc3bf
fd9ca7d7901ac3bf
c43cce7fd904c3bf
e84fadd0a1eec2bf
14e3a63eebd7c2bf
40e09a43b7c0c2bf
cad6cc5e07a9c2bf
4282c914dd90c2bf
b0114cef3978c2bf
5131237d1f5fc2bf
7dd815528f45c2bf
c3ddc7068b2bc2bf
f8529e381411c2bf
4eaba3892cf6c1bf
1ead6ba0d5dac1bf
8c31f72711bfc1bf
d3b397cfe0a2c1bf
2bb2d24a4686c1bf
45e244514369c1bf
453b859ed94bc1bf
36d707f20a2ec1bf
f2ad000fd90fc1bf
5d2b46bc45f1c0bf
20a333c452d2c0bf
99a38bf401b3c0bf
432a5a1e5593c0bf
4fbbd6154e73c0bf
a05e46b2ee52c0bf
0d84ddcd3832c0bf
dfd0a1452e11c0bf
69b197f2a1dfbfbf
f4865196459cbfbf
a6c5f73f4b58bfbf
5071c0bdb613bfbf
fce153e28bcebebf
05a28f84ce88bebf
ba3a497f8242bebf
44f310b1abfbbdbf
1186f4fb4db4bdbf
7bd041456d6cbdbf
c28049750d24bdbf
42c6217732dbbcbf
c1076938e091bcbf
d9a308a91a48bcbf
60bff7bae5fdbbbf
9b25fe6145b3bbbf
373e77933d68bbbf
041d1546d21cbbbf
bfaea37107d1babf
9507cc0ee184babf
75d6d7166338babf
6001758391ebb9bf
556e794e709eb9bf
a5fca6710351b9bf
6cb26fe64e03b9bf
de21baa556b5b8bf
130aa6a71e67b8bf
fc3651e3aa18b8bf
2fa49c4effc9b7bf
15e6f1dd1f7bb7bf
08dd0884102cb7bf
02b6ad31d5dcb6bf
493c87d5718db6bf
ce7fdd5bea3db6bf
34d360ae42eeb5bf
8325f1b37e9eb5bf
9bba6550a24eb5bf
bc455564b1feb4bf
9069deccafaeb4bf
fda07063a15eb4bf
f19395fd890eb4bf
77dbba6c6dbeb3bf
2338fc7d4f6eb3bf
0e3eeef9331eb3bf
7f7969a41eceb2bf
3f0f563c137eb2bf
9fdb777b152eb2bf
42133b1629deb1bf
7e6881bb518eb1bf
2db86f14933eb1bf
2a413cc4f0eeb0bf
7f68fd676e9fb0bf
f60d79960f50b0bf
1c73f4dfd700b0bf
2f6f099c9563afbf
f1dabfc6d7c5aebf
23905d377d28aebf
abcfbdd68c8badbf
688beb7e0defacbf
0681c8fa0553acbf
4b9db5057db7abbf
d3ac3c4b791cabbf
bd5ebb660182aabf
809d0fe31be8a9bf
cf42453acf4ea9bf
192a45d521b6a8bf
54a6850b1a1ea8bf
2c5fbc22be86a7bf
b398914e14f0a6bf
80ea54b0225aa6bf
7469b356efc4a5bf
6c476f3d8030a5bf
0aed184ddb9ca4bf
9190c95a060aa4bf
254ddf270778a3bf
c3bdba61e3e6a2bf
db1e7ea1a056a2bf
acf9cd6b44c7a1bf
ee5b9330d438a1bf
d59ebf4a55aba0bf
e1bf1100cd1ea0bf
dd9bba0181269fbf
32daa5cf69119ebf
b3e694735efe9cbf
91411dcb68ed9bbf
6ce8548792de9abf
653f702ce5d199bf
be3a63116ac798bf
7ace855f2abf97bf
b0a53b122fb996bf
73259ff680b595bf
adbd2fab28b494bf
ef89839f2eb593bf
8b45fc139bb892bf
95937f1976be91bf
a69d3291c7c690bf
cb1472582ea38fbf
2c9aeed6d8bd8dbf
089fb03e9ddd8bbf
d0ed2ccf89028abf
da081066ac2c88bf
eaa3dd7e125c86bf
cbd49632c99084bf
2cfd6637ddca82bf
796b57e05a0a81bf
6c64133a9c9e7ebf
7667f1f284337bbf
44c2803b86d377bf
9352d89bb57e74bf
022b98d3273571bf
593e42b3e1ed6bbf
ab3cb3b7478865bf
c33ffffb4c735ebf
50b0237a420452bf
ad42dcc8cc0e37bf
0b02b9e38238393f
5aaee349fc30523f
481c61a8a5e45d3f
c2d25d1073b4643f
1f489711c55e6a3f
796078a130f16f3f
a3bb458dcfb5723f
f3b4d0b3fd66753f
ddeb8701190c783f
da14eb7a18a57a3f
16c654ebf3317d3f
870174e4a3b27f3f
fbafdcde9013813f
7cfadbc9b347823f
0c00bd23b875833f
29c2e4be9b9d843f
f26e36cf5cbf853f
fdb6abe9f9da863f
0f3ce70372f0873f
1d24c173c4ff883f
0ce1cdeef0088a3f
7837df89f70b8b3f
c0957fb8d8088c3f
46c8674c95ff8c3f
8f1aef742ef08d3f
53f475bea5da8e3f
af01cb11fdbe8f3f
b47bc5599b4e903f
2281bda1aaba903f
94f9eeddad23913f
f41b62b8a689913f
6459ab0797ec913f
b2408ece804c923f
abe29d3b66a9923f
39c0daa84903933f
6d4b4e9b2d5a933f
a604a4c214ae933f
d93dc0f801ff933f
888c5441f84c943f
0df571c9fa97943f
89d818e70ce0943f
8bafc6183225953f
849b01056e67953f
1ad9e179c4a6953f
bd1d996c39e3953f
edeaf7f8d01c963f
8de1f0608f53963f
e71f1a0c7987963f
53b52c8792b8963f
d4358283e0e6963f
0f7990d66712973f
4a8f63792d3b973f
a5f715883661973f
7a2247418884973f
b44b900528a5973f
9ab7f7561bc3973f
185e62d867de973f
b80f044d13f7973f
cc1fce97230d983f
5f9fdcba9e20983f
ae34e2d68a31983f
b39a922aee3f983f
93d40b12cf4b983f
bc203e063455983f
93b7529c235c983f
73611185a460983f
16f0448cbd62983f
28a71e987562983f
42a098a8d35f983f
0b36d7d6de5a983f
c18289549e53983f
20fe486b194a983f
a946f87b573e983f
a42221fe5f30983f
97c4517f3a20983f
ad5f79a2ee0d983f
e317441f84f9973f
425a76c102e3973f
3da9476872ca973f
35e9bc05dbaf973f
6639029e4493973f
2665c446b774973f
bcf989263b54973f
8e0c0c74d831973f
16be8e75970d973f
3485398080e7963f
2c4f6ff79bbf963f
f07f264cf295963f
efde40fc8b6a963f
057ce391713d963f
8198cea2ab0e963f
fe9fb5cf42de953f
bc3c97c33fac953f
3c931533ab78953f
b1b0cedb8d43953f
d537b583f00c953f
9b5769f8dbd4943f
4717920e599b943f
370337a17060943f
91451a912b24943f
3e3613c492e6933f
596d6924afa7933f
d16230a08967933f
bfa6a3282b26933f
d1bc83b19ce3923f
f7a57330e79f923f
dd22579c135b923f
0dbab1ec2a15923f
cf8b061936ce913f
bdfe38183e86913f
fe4eeedf4b3d913f
ab0af06368f3903f
21858f959ca8903f
c04b0a63f15c903f
9ea5efb66f10903f
fc4f0eef40868f3f
06d3700c19ea8e3f
9dbae77d794c8e3f
95bf39ef73ad8d3f
3efce9fe190d8d3f
0e04113d7d6b8c3f
5994382aafc88b3f
27f23936c1248b3f
24051fbfc47f8a3f
9d410610cbd9893f
89720960e532893f
587427d1248b883f
35f1306f9ae2873f
842eb82e5739873f
03fc03ec6b8f863f
40d4056ae9e4853f
033d5351e039853f
9977222f618e843f
398f4a747ce2833f
4bd446744236833f
10d23d64c389823f
80cd0b5a0fdd813f
5fda504b3630813f
e392820c4883803f
310103a0a8ac7f3f
8a83644ad5527e3f
22ef34ef34f97c3f
6413031ce69f7b3f
f0942a1307477a3f
ef0c25cab5ee783f
b216e3e70f97773f
995f2dc33240763f
63ce0d613bea743f
7cd540734695733f
8603af567041723f
ede4ee11d5ee703f
bf8e9ea7203b6f3f
16e2d3e37a9b6c3f
5dba7dceeefe693f
c313b0a5b165673f
bfd5ebecf7cf643f
6719896af53d623f
2ad9654aba5f5f3f
ce59e9c2c24b5a3f
db27b23e6740553f
9c0f3630093e503f
e829a1ef108a463f
98c6b07d0d57393f
19cef9646909173f
1a35869716512bbf
b85abadc1e7440bf
d480c0e8aefd49bf
e37968c724b851bf
1ae564f7a26556bf
d6311d45ff065bbf
560465a5e89b5fbf
0d3d15e2071262bf
43e6af83934f64bf
f408e048718666bf
5e87b7227cb668bf
8b0b3ae38fdf6abf
13fe873e89016dbf
3f05f7cb451c6fbf
8a068c03d29770bf
d96d55a8c19d71bf
219cbff7e19f72bf
aad4a188239e73bf
f7e8a065779874bf
e43b840dcf8e75bf
4d9d81731c8176bf
db0480ff516f77bf
c731518e625978bf
1a37e271413f79bf
acfb6271e2207abf
96b664c939fe7abf
a870ef2b3cd77bbf
a8948ec0deab7cbf
02995424177c7dbf
02cdd569db477ebf
91551a19220f7fbf
3d65872fe2d17fbf
8fdedf8f094880bf
02c1bd68d6a480bf
eebaabd053ff80bf
5cd14d307e5781bf
3cc37c2a52ad81bf
8de7209ccc0082bf
cbdb089cea5182bf
330bbc7aa9a082bf
291749c206ed82bf
3c2a1036003783bf
693e89d2937e83bf
556006cdbfc383bf
61f97193820684bf
402a09ccda4684bf
87401255c78484bf
8e518f4447c084bf
8d05ede759f984bf
d49dadc3fe2f85bf
13411093356485bf
cc99b447fe9585bf
e4d13a0959c585bf
bef7df3446f285bf
a9d8165dc61c86bf
415d1d49da4486bf
1a748ef4826a86bf
7d97f08ec18d86bf
68fb407b97ae86bf
93707b4f06cd86bf
3e0a1fd40fe986bf
0a94af03b60287bf
b4e5330afb1987bf
9e22b144e12e87bf
2df3a2406b4187bf
43c670bb9b5187bf
3b29e0a1755f87bf
0245840ffc6a87bf
f68e2a4e327487bf
94bc44d51b7b87bf
b0085049bc7f87bf
c8d9397b178287bf
55d8c167318287bf
d584d9360e8087bf
f35c013bb27b87bf
7e9fa3f0217587bf
15bf6cfd616c87bf
3093a12f776187bf
cf57737d665487bf
af8b5104354587bf
45bd3908e83387bf
e05605f3842087bf
1f7ab553110b87bf
53fbbcdd92f386bf
3f8d48680fda86bf
d12d85ed8cbe86bf
5ee4e48911a186bf
3fe2617ba38186bf
6816c020496086bf
de44cdf8083d86bf
d5b29fa1e91786bf
3978d3d7f1f085bf
dc87c67528c885bf
ce7ed372949d85bf
234c8be23c7185bf
edc1edf3284385bf
6f20a1f05f1385bf
a5ac283ce9e184bf
c6621a53ccae84bf
1ad653ca107a84bf
ea4e2e4ebe4384bf
4e37b2a1dc0b84bf
3de8c99d73d283bf
57e773308b9783bf
46a6f45b2b5b83bf
f4d407365c1d83bf
e55611e725de82bf
ddec4da9909d82bf
fea203c8a45b82bf
9514b29e6a1882bf
d0954298ead381bf
e153382e2d8e81bf
1e7ce0e73a4781bf
7f7a82591cff80bf
755f9023dab580bf
cf7dd7f17c6b80bf
5050b17a0d2080bf
a36e69fc28a77fbf
e73bcf8a350c7fbf
f92ee242526f7ebf
cb0698d590d07dbf
af91f40003307dbf
cf70718eba8d7cbf
3f476751c9e97bbf
7473782541447bbf
5d70fdec339d7abf
72fd728fb3f479bf
5a2aeaf7d14a79bf
ec637a13a19f78bf
f99fb5cf32f377bf
c5c31e19994577bf
ef62a2d9e59676bf
0bf211f72ae775bf
2e89a1517a3675bf
005268c2e58474bf
74bce3197fd273bf
13957d1e581f73bf
7317158b826b72bf
e5168b0d10b771bf
5e575145120271bf
c02ffdc19a4c70bf
401fbb03762d6fbf
43fd28e108c16dbf
496368cb10546cbf
3994bf46b0e66abf
b1b2dfa9097969bf
ba7a351b3f0b68bf
b6de418e729d66bf
57b2fac0c52f65bf
f68f33395ac263bf
3a230f42515562bf
0e0379e9cbe860bf
268850fbd5f95ebf
d7d755159e235cbf
6ed9f4af304f59bf
b69e32cccd7c56bf
b26374d8b4ac53bf
6a80e0ab24df50bf
e11da503b7284cbf
882ac6ea2d9946bf
64e405fa271041bf
913aab983b1c37bf
b297f6881a4e28bf
5296b8310b1bf4be
1b5b236be225233f
90565f75f255343f
4b31790170063f3f
95c0d8e9c4d1443f
3d2dbc7c31164a3f
d8d43dd110504f3f
45d2bbcb7b3f523f
55115f0f3ed1543f
0ab1352e1b5d573f
98733ef9dfe2593f
b215021b5a625c3f
eabfb41a58db5e3f
713da0afd4a6603f
01431c198fdc613f
14bb5ae1c30e633f
a4fa0c145c3d643f
0c0660324168653f
9b6c47345d8f663f
084fbc899ab2673f
6485f01be4d1683f
8dda754e25ed693f
335359004a046b3f
087a328d3e176c3f
3b979c1c8d5bb43f
77b71adfbc55b43f
e3a4e2544c4fb43f
ecd449093c48b43f
5e6d4d908c40b43f
d39785863e38b43f
084a1891522fb43f
6584ab5dc925b43f
b60757a2a31bb43f
7083951de210b43f
853d35968505b43f
6d3548db8ef9b33f
48c313c4feecb33f
98b4ff2fd6dfb33f
3ae8840616d2b33f
6a6a1b37bfc3b33f
f71228b9d2b4b33f
79a6e98b51a5b33f
9b7c65b63c95b33f
87ac53479584b33f
6cc10a555c73b33f
56f86afd9261b33f
6b09c9653a4fb33f
a97dd8ba533cb33f
6d939530e028b33f
e1b22e02e114b33f
ad74ed715700b33f
043c1fc944ebb23f
8d66fd57aad5b23f
6413957589bfb23f
5283ae7fe3a8b23f
3714b4dab991b23f
31d998f10d7ab23f
e3d1be35e161b23f
4dc2dc1e3549b23f
adade32a0b30b23f
e9f5e3dd6416b23f
1722f2c143fcb13f
744d0b67a9e1b13f
a841f96297c6b13f
a53d36510fabb13f
e16bd0d2128fb13f
6e094d8ea372b13f
b9408b2fc355b13f
54b9a6677338b13f
c7dfd9ecb51ab13f
dce65f7a8cfcb03f
f58456d0f8ddb03f
d76f9fb3fcbeb03f
6f98c1ed999fb03f
c329ca4cd27fb03f
494c2da3a75fb03f
f3b0a6c71b3fb03f
20e51995301eb03f
bde5e4d4cff9af3f
4c9d075587b6af3f
e82bd2778b72af3f
0b40c911e02daf3f
29c87efe88e8ae3f
be6c50208aa2ae3f
a0be2560e75bae3f
571c2eada414ae3f
06559efcc5ccad3f
150c6e494f84ad3f
e8e21494443bad3f
206e47e2a9f1ac3f
4ff9b33e83a7ac3f
1120bfb8d45cac3f
073f4064a211ac3f
a7c33d59f0c5ab3f
645da9b3c279ab3f
31171c931d2dab3f
bf5b921a05e0aa3f
99eb27707d92aa3f
64c7d3bc8a44aa3f
7315242c31f6a93f
e504faeb74a7a93f
90b5452c5a58a93f
b526c21ee508a93f
e633b1f619b9a83f
82a297e8fc68a83f
7245f9299218a83f
6f3c15f1ddc7a73f
7951a274e476a73f
a17b8beba925a73f
1589ac8c32d4a63f
98f78e8e8282a63f
57fd26279e30a63f
35c9908b89dea53f
73fccdef488ca53f
bd648386e039a53f
7bf8b68054e7a43f
541c8e0da994a43f
c9330c5ae241a43f
b083d19004efa33f
6468dad9139ca33f
71e63e5a1449a33f
e397f2330af6a23f
4cfb8485f9a2a23f
7a29e269e64fa23f
f0f313f8d4fca13f
c9720343c9a9a13f
77033b59c756a13f
ecbea844d303a13f
a668610af1b0a03f
1bdd63aa245ea03f
be005d1f720ba03f
416cd8bcba719f3f
d4b8d0add4cc9e3f
b3b84ae439289e3f
368a7426f2839d3f
03fe8f2d05e09c3f
962a81a57a3c9c3f
d3395e2c5a999b3f
b5730052abf69a3f
658e969775549a3f
5d4c386fc0b2993f
166b7b3b9311993f
e7ed094ff570983f
41c639ecedd0973f
e0e4a5448431973f
feb4c878bf92963f
c90c9897a6f4953f
f293229e4057953f
54ab2e7794ba943f
4ed6dafaa81e943f
9db03fee8483933f
0e7113032fe9923f
80034fd7ad4f923f
6ebad4f407b7913f
f2a118d1431f913f
6675cacc6788903f
017c0267f4e48f3f
7241d17602bb8e3f
8cb8df0906938d3f
6800f5340b6d8c3f
b6b925e01d498b3f
fd693cc649278a3f
d26025749a07893f
7f305e481bea873f
31b86872d7ce863f
34d041f2d9b5853f
4696db972d9f843f
72699b02dd8a833f
6393dba0f278823f
f0ad70af7869813f
f7c13239795c803f
db5b142dfca37e3f
11a400da21947c3f
1315a85d76897a3f
c9fd23350c84783f
53886175f583763f
bdbc61ca4389743f
073a81760894723f
3cbcc75154a4703f
a7cc7e926f746d3f
89cba7bc85ab693f
70cb724c0aee653f
60cbb6921b3c623f
2fa54d0bae2b5d3f
014f9e7fb2f6553f
231589fcf7b24d3f
fc9ead2001513f3f
846bab336ce60c3f
56010bbde1b537bf
dac1c147255349bf
5c657f76ec4c53bf
21d85ee358d759bf
c80ee354562460bf
e26a75265f5063bf
3e1b5d0ab36f66bf
741641073f8269bf
2187bd06f1876cbf
29d698d5b7806fbf
ac85f491413671bf
4bba94c2a1a572bf
425b2038750e74bf
269dbb1fb57075bf
1e0f2f185bcc76bf
3950d331612178bf
fc1175eec16f79bf
646d314178b77abf
f28e4a8e7ff87bbf
4accf4aad3327dbf
de211cdd70667ebf
f82d22db53937fbf
f954cae5bc5c80bf
f23a6e2270ec80bf
0f9d72a6c27881bf
a8d95eacb30182bf
955618a6428782bf
1f61ab3c6f0983bf
c5721050398883bf
78e6edf6a00384bf
7921567ea67b84bf
5a3b82694af084bf
922989718d6185bf
6279138570cf85bf
309f0bc8f43986bf
0de34a931ba186bf
bdf54274e60487bf
b233a42c576587bf
09a300b26fc287bf
3cb26b2d321c88bf
8ec416fba07288bf
df92eaa9bec588bf
ff6d1dfb8d1589bf
c169c6e1116289bf
0a7e6d824dab89bf
f0a5983244f189bf
0b0a5678f9338abf
bd3ec30971738abf
efa391ccaeaf8abf
29ef87d5b6e88abf
bded00688d1e8bbf
858967f536518bbf
001cb01cb8808bbf
bc1ccfa915ad8bbf
16362d9554d68bbf
c8cd18037afc8bbf
a90c35438b1f8cbf
6c73e6cf8d3f8cbf
ec07bd4d875c8cbf
1429dc8a7d768cbf
7c15607e768d8cbf
bb32c14778a18cbf
f521352e89b28cbf
dcaf0da0afc08cbf
e2ac1532f2cb8cbf
17bceb9e57d48cbf
a9255bc6e6d98cbf
8ebbb2aca6dc8cbf
f2dd197a9edc8cbf
8fade379d5d98cbf
267ae01953d48cbf
3f7bade91ecc8cbf
9fe1029a40c18cbf
cd4f00fcbfb38cbf
01c87700a5a38cbf
641e37b7f7908cbf
bdfd4f4ec07b8cbf
b88d5e1107648cbf
05c9ce68d4498cbf
a49220d9302d8cbf
78982a02250e8cbf
e3125c9eb9ec8bbf
4b6ffd81f7c88bbf
98f56f9ae7a28bbf
92766ced927a8bbf
b912419802508bbf
c6280ecf3f238bbf
e77902dc53f48abf
2b94961e48c38abf
9390c70a26908abf
69355128f75a8abf
4f8ae711c5238abf
bbee6f7499ea89bf
13c0390e7eaf89bf
56a036ae7c7289bf
696a32339f3389bf
cfe40a8beff288bf
e63fe7b177b088bf
68706fb1416c88bf
4a7303a0572688bf
598bf29fc3de87bf
3e86b2de8f9587bf
c7171794c64a87bf
2a5b890172fe86bf
13873f719cb086bf
10e57435506186bf
9a18a2a7971086bf
9fc6b5277dbe85bf
58a94d1b0b6b85bf
1021f0ec4b1685bf
b24d460b4ac084bf
95c156e80f6984bf
1ed9c0f8a71084bf
74c7f8b21cb783bf
bb63848e785c83bf
ffc63803c60083bf
9fc578880fa482bf
b85474945f4682bf
55e6689bc0e781bf
b2cae20e3d8881bf
ada4ff5cdf2781bf
d6fbb1efb1c680bf
5bfc052cbf6480bf
db6d6771110280bf
e7e2d131663d7fbf
f01f19e95c757ebf
b64f1b9d1bac7dbf
258858d1b6e17cbf
82d5f3f642167cbf
3ed94f6bd4497bbf
fc87ae767f7c7abf
9917d44a58ae79bf
113aad0173df78bf
e1b5f89be30f78bf
bd77f4ffbd3f77bf
d12e0ef8156f76bf
f28a9731ff9d75bf
93337e3b8dcc74bf
99870785d3fa73bf
7e40905ce52873bf
810650eed55672bf
1f102143b88471bf
17d94b3f9fb270bf
7516ae423bc16fbf
7248b7018c1d6ebf
31e4ba9a557a6cbf
7de04f9abcd76abf
ec3c5f38e53569bf
26b6ef55f39467bf
6eaffa7a0af565bf
20684ad44d5664bf
1a9f6131e0b862bf
f4c76c02e41c61bf
1fcb79acf6045fbf
2d6798b08fd35bbf
bf5a999dd5a558bf
0c3781310a7c55bf
77693a586e5652bf
b4e4dd4f846a4ebf
a64fedba893148bf
db99b4b1690242bf
754dae673ebb37bf
925b92e78d0e27bf
8469954884c4e23e
59656f582f38293f
4d4dd42fac89383f
d3c56cf9fe2e423f
df424e83160c483f
87c3a5a9aedb4d3f
1e28b6a8adce513f
dbd0e22a59a8543f
c9118ec6a57a573f
7009086760455a3f
c2b21cfa56085d3f
353e5e7258c35f3f
a54fac641a3b613f
7a2cd7805e90623f
8d2d8f9461e1633f
5d7f392d0d2e653f
aafbac5f4b76663f
62a312c906ba673f
bc8aba8f2af9683f
ed3be563a2336a3f
688681805a696b3f
7fbddeab3f9a6c3f
8b6353383fc66d3f
a33ed80447ed6e3f
7eeecbbea207703f
f14139ce1496703f
3149bb74f121713f
83a9a6bd30ab713f
0125cefbca31723f
2e7dadc9b8b5723f
7d998e09f336733f
84efa8e572b5733f
03363bd03131743f
19629f8329aa743f
70f758025420753f
25ad1d97ab93753f
886fd8d42a04763f
42c2a696cc71763f
108bd0ff8bdc763f
4c4bba7b6444773f
21ced1bd51a9773f
3c5575c14f0b783f
9349d5c95a6a783f
e77ad0616fc6783f
13f4ca5b8a1f793f
5e707fd1a875793f
1578cb23c8c8793f
793176fae5187a3f
33edf14300667a3f
d67b183515b07a3f
0055e24823f77a3f
2f9d1840293b7b3f
eb140221267c7b3f
40fe0a3719ba7b3f
0604681202f57b3f
5730b487e02c7c3f
b3ff89afb4617c3f
c09c17e67e937c3f
6b54aeca3fc27c3f
bf4e4d3ff8ed7c3f
359c2768a9167d3f
23a525ab543c7d3f
510b62affb5e7d3f
ff0ba25ca07e7d3f
1773c9da449b7d3f
5e2e4a91ebb47d3f
ef918f2697cb7d3f
665d657f4adf7d3f
77935abe08f07d3f
2c342043d5fd7d3f
abebe3a9b3087e3f
99c6a6caa7107e3f
2efe8fb8b5157e3f
deed3bc1e1177e3f
d444076c30177e3f
c9855679a6137e3f
ede7d9e1480d7e3f
b1abcdd51c047e3f
cdf636bc27f87d3f
754a1d326fe97d3f
c4a7c009f9d77d3f
9075cc49cbc37d3f
fe3b872cecac7d3f
7849ff1e62937d3f
be5534c033777d3f
fb363ee067587d3f
d9bd707f05377d3f
e0cc7ccd13137d3f
6ac08e289aec7c3f
bf3b6a1ca0c37c3f
6d7083612d987c3f
d1f515dc496a7c3f
e544399bfd397c3f
16eff2d750077c3f
83a446f44bd27b3f
4920447af79a7b3f
820f131b5c617b3f
360afdad82257b3f
02b2752f74e77a3f
080f21c039a77a3f
503ed8a3dc647a3f
308aac4066207a3f
b100e91de0d9793f
e99f12e35391793f
872ce756cb46793f
a1ca5a5e50fa783f
916d94fbecab783f
1135e94cab5b783f
56cfd68b9509783f
11f4fc0bb6b5773f
4d10163a1760773f
4e38ef9ac308773f
37765fcac5af763f
708a3e7a2855763f
f7355b71f6f8753f
7e21718a3a9b753f
9d7a1eb3ff3b753f
ff59d9ea50db743f
1c0be5413979743f
064847d8c315743f
c582bddcfbb0733f
e64db28bec4a733f
04fd322ea1e3723f
8a90e518257b723f
2302ffaa8311723f
f7083a4dc8a6713f
a667ce70fe3a713f
abdb688e31ce703f
c9c023256d60703f
a7fe007379e36f3f
e0adc3a857046f3f
e93b0e048c236e3f
290a11a22d416d3f
abefa8a2535d6c3f
9f535c2615786b3f
c9cf5a4c89916a3f
147a7f30c7a9693f
090556e9e5c0683f
3bd42286fcd6673f
2d32ee0c22ec663f
5fc892786d00663f
357fcfb6f513653f
02ee5ca6d126643f
657906151839633f
0e4ac7bddf4a623f
3e39eb463f5c613f
bcdb33404d6d603f
698f034240fc5e3f
df7a048d9c1d5d3f
399cc2e3db3e5b3f
c350018d2a60593f
da456690b481573f
f45dfab2a5a3553f
a38db47329c6533f
5c040f086be9513f
55cda658950d503f
8652ccfba5654c3f
bdc273799cb2483f
3f82a3066202453f
14f7d8cb4955413f
7b9bbc6e4c573b3f
f94122ee910b343f
108e04c90b90293f
2f4f3a1d2235163f
687c47917940fabe
b61cfb399b9621bf
5da4f1c1dccf2fbf
be300e8950f936bf
0337d38bdcfe3dbf
1cb3a35efe7b42bf
d759bdac0ef245bf
b79c7e47566149bf
2ada8b448dc94cbf
f707735e361550bf
ad70e768d7c151bf
bf11c858876a53bf
ca47134e240f55bf
a8bae7f38caf56bf
7885bc82a04b58bf
189f8ac23ee359bf
4a57e70c48765bbf
eed60f4f9d045dbf
f57fe50b208e5ebf
bb8ded2e590960bf
4059697c1bc960bf
1c05f695488661bf
abcda171d24062bf
4799a9e26f29abbf
60d0ce867b24abbf
2b5be1e7ae1eabbf
cd0619840a18abbf
87baa3e58e10abbf
ce7d99a23c08abbf
38b7ef5c14ffaabf
25a56bc216f5aabf
b811948c44eaaabf
c642a2809edeaabf
9f27726f25d2aabf
7bc57135dac4aabf
5de48fbabdb6aabf
71fd29f2d0a7aabf
ce6cf9da1498aabf
c9e7ff7e8a87aabf
a73973f33276aabf
2e48a8580f64aabf
f661fdd92051aabf
ffd7c3ad683daabf
5ee42815e828aabf
21e01d5ca013aabf
b7c93fd992fda9bf
8e1ebeedc0e6a9bf
0b0941052ccfa9bf
a0e5ce95d5b6a9bf
8020b11fbf9da9bf
836e582dea83a9bf
dd6240535869a9bf
8564d22f0b4ea9bf
bc04486b0432a9bf
dab98cb74515a9bf
d8ff1ed0d0f7a8bf
c3e1f079a7d9a8bf
b5ed4783cbbaa8bf
8e969cc33e9ba8bf
3d05791b037ba8bf
645c57741a5aa8bf
31717fc08638a8bf
3bfbe3fa4916a8bf
023fff2666f3a7bf
b534af50ddcfa7bf
ec2e118cb1aba7bf
0c035df5e486a7bf
2fb7bfb07961a7bf
2fb735ea713ba7bf
cc9464d5cf14a7bf
a65474ad95eda6bf
144ce8b4c5c5a6bf
7a917735629da6bf
6703e57f6d74a6bf
01e8d6ebe94aa6bf
3029aed7d920a6bf
462f5da83ff6a5bf
bd5d3ec91dcba5bf
7b35eaab769fa5bf
921e0dc84c73a5bf
e4dd3c9ba246a5bf
8bb8cda87a19a5bf
4549a779d7eba4bf
e709199cbbbda4bf
3595aea3298fa4bf
02a303292460a4bf
21c397c9ad30a4bf
fcd8a127c900a4bf
5f5ce3e978d0a3bf
60617bbbbf9fa3bf
016cb94ba06ea3bf
4f11f04d1d3da3bf
c06a4779390ba3bf
e15d8f88f7d8a2bf
0abc113a5aa6a2bf
e13d644f6473a2bf
c85c3a8d1840a2bf
f30e37bb790ca2bf
d867bea38ad8a1bf
fe21c7134ea4a1bf
ad13acdac66fa1bf
8a93fdc9f73aa1bf
afce52b5e305a1bf
56151b728dd0a0bf
801f6fd7f79aa0bf
bd4ee2bd2565a0bf
9bee53ff192fa0bf
57f180edaef19fbf
8bbb2500c2849fbf
b1b2ebef72179fbf
91a14a77c7a99ebf
49857f51c53b9ebf
a7922f3a72cd9dbf
a2660bedd35e9dbf
596b7225f0ef9cbf
c474169ecc809cbf
c09e9f106f119cbf
796f5035dda19bbf
ef47aac21c329bbf
3d25126d33c29abf
a9bc75e626529abf
e3f4f0ddfce199bf
5ec673ffba7199bf
278568f3660199bf
009e5a5e069198bf
48c99de09e2098bf
dabcf51536b097bf
68603e95d13f97bf
1c8b14f076cf96bf
8b517fb22b5f96bf
ede69962f5ee95bf
e81a3e80d97e95bf
ff75af84dd0e95bf
d1fd46e2069f94bf
39a31f045b2f94bf
6163c34ddfbf93bf
a31dd91a995093bf
4727d3be8de192bf
bb9e9e84c27292bf
3f8753ae3c0492bf
a4aee574019691bf
7f65d607162891bf
6f0ce78c7fba90bf
547ccc1f434d90bf
f39ec6a3cbc08fbf
ef1bca53d9e78ebf
ae8a3c47b90f8ebf
58194b5f75388dbf
94fa266617628cbf
6342770ea98c8bbf
e7bdccf233b88abf
61c81795c1e489bf
b12c205e5b1289bf
be14ff9c0a4188bf
3a169b86d87087bf
b65d2635cea186bf
f4069fa7f4d385bf
6ea351c1540785bf
e7fc5d49f73b84bf
79163eeae47183bf
94754f3126a982bf
5abb5e8ec3e181bf
c9903553c51b81bf
53f22ab3335780bf
c6b56b852d287fbf
3fb604eeeca47dbf
7839124bb5247cbf
5bbb520796a77abf
8dc68a4c9e2d79bf
f8e0c202ddb677bf
857d8acf604376bf
4e09401538d374bf
11125ef2706673bf
8f9bcd4019fd71bf
71a03d953e9770bf
87a7ff7cdc696ebf
1542d5896aac6bbf
e9ee80d340f668bf
fbd4384d784766bf
3b4dc85929a063bf
8e967eca6b0061bf
409650bcadd05cbf
7e70278002b057bf
2b1d400e029f52bf
be235ed3ae3b4bbf
8dfc51d2585941bf
b91718ab4d5d2ebf
d11972879350103f
7adcda601815373f
35410fa8cfe9443f
ce596f1395274e3f
fdc3e78bcba1533f
a0c42663c91e583f
8829f6cea38a5c3f
90335ce39d72603f
6c7b44bd3997623f
b113ff2917b3643f
2d4b6a7b28c6663f
303ac2a060d0683f
d63ce026b3d16a3f
85586f3814ca6c3f
1880159e78b96e3f
19e648dfea4f703f
a8ce67cf903e713f
6c5ef770a928723f
153ba064300e733f
dede1c9a21ef733f
36302d5079cb743f
eba9841434a3753f
7711b3c34e76763f
28c70789c644773f
30b36fde980e783f
7bd44d8cc3d3783f
cc7c4ea94494793f
e83a359a1a507a3f
ca80a51144077b3f
8307e60fc0b97b3f
acfe9ee28d677c3f
aa0a9324ad107d3f
a61f53bd1db57d3f
c83dede0df547e3f
011d960ff4ef7e3f
b2cd4d155b867f3f
9baebf040b0c803f
18c24d279352803f
4637d7c8c696803f
ef51f8e4a6d8803f
b38f299c3418813f
2f5183337155813f
cc257f145e90813f
1fc2b6ccfcc8813f
6ca5a00d4fff813f
e0764aac5633823f
701f11a11565823f
07a956078e94823f
88e8351dc2c1823f
52fb3343b4ec823f
4e9eeffb6615833f
5467ceebdc3b833f
4ee7a7d81860833f
2abe6ea91d82833f
3ea7d765eea1833f
5887fe358ebf833f
c183096200db833f
122bca5148f4833f
20b85c8c690b843f
4177c5b76720843f
3c578c984633843f
d2ad56110a44843f
99397f22b652843f
8469ace94e5f843f
9df364a1d869843f
cac3a2a05772843f
554c645ad078843f
2c413c5d477d843f
b0c7df52c17f843f
6b24b3ff4280843f
80f05442d17e843f
7fe02713717b843f
6b26db832776843f
f678f1bef96e843f
dac94607ed65843f
50b594b7065b843f
edb4f5414c4e843f
de1f672fc33f843f
06034a1f712f843f
eddae2c65b1d843f
4f3ad8f08809843f
4967b07cfef3833f
f6f94d5ec2dc833f
91866b9ddac3833f
3f5e16554da9833f
637028b3208d833f
d157c1f75a6f833f
d09dbe740250833f
6f3e338d1d2f833f
d677deb4b20c833f
85f0a16fc8e8823f
2d3ef75065c3823f
69d864fb8f9c823f
7382f21f4f74823f
86359d7da94a823f
4a98cae0a51f823f
6c0cbc224bf3813f
b45e0129a0c5813f
fe22ebe4ab96813f
44c8fc527566813f
146e5e7a0335813f
af874e6c5d02813f
0c5693438ace803f
f444ec239199803f
8b3483397963803f
3abb5db8492c803f
5cd39cb713e87f3f
5337cccb81757f3f
61c2ca3dec007f3f
05125ca9618a7e3f
29b169b4f0117e3f
b8f4e60da8977d3f
fc5cb56c961b7d3f
128d898eca9d7c3f
cdf0d036531e7c3f
4d21982d3f9d7b3f
3a21723e9d1a7b3f
588060377c967a3f
147fbce7ea107a3f
a141211ff889793f
c12a57acb201793f
c96d405c2978783f
5befc6f86aed773f
5985cb478661773f
dea9160a8ad4763f
9eb64afa8446763f
23b7d7cb85b7753f
eae9f0299b27753f
84fd83b6d396743f
3c2132093e05743f
65f64aaee872733f
4379c925e2df723f
64ee52e2384c723f
92ea3748fbb7713f
138277ac3723713f
47b5c453fc8d703f
4f4c1ce3aef06f3f
8259104eaec46e3f
9cab720413986d3f
ebc012faf86a6c3f
6d8ea5f87b3d6b3f
00cbed9db70f6a3f
4395e959c7e1683f
f68a056dc6b3673f
2a7955e6cf85663f
86b9d2a1fe57653f
0962a0466d2a643f
665a554536fd623f
f37c4cd673d0613f
52d3faf73fa4603f
4f2998da68f15e3f
f3e80a78d59b5c3f
3bcc5d56f8475a3f
15c7058303f6573f
dbb3c98728a6553f
e493bc679858533f
b777459c830d513f
f95a6a24348a4d3f
8cd1d34d16ff483f
8622024b0b7a443f
ca5a5d10dff63f3f
fc045d843c07373f
d3a5b204c64b2c3f
dbd70f9c104e153f
a3b7547587790bbf
d541974e1f4328bf
914ca6fcedc234bf
074f0e83a4523dbf
e693423907e842bf
5786ced7441d47bf
87b70e6abb484bbf
ae28b49b1c6a4fbf
1f17a8bd8dc051bf
e6c0233fb6c653bf
d3a352c262c755bf
3eeb66ee6ec257bf
f4818823b7b759bf
13f98d7c18a75bbf
2509a5d070905dbf
66b1eab49e735fbf
bb68f9be40a860bf
a6a09fa07c9361bf
e825536b737b62bf
6f46d4ec156063bf
e00e5b55554164bf
00893138231f65bf
7298458c71f965bf
ef79b2ac32d066bf
6dda415959a367bf
208de4b6d87268bf
e2d62250a43e69bf
be548415b0066abf
117cef5df0ca6abf
1ab200e7598b6bbf
860259d5e1476cbf
6670e4b47d006dbf
1deb177923b56dbf
28e4267dc9656ebf
e18f308466126fbf
59d164b9f1ba6fbf
036d1058b12f70bf
4ac001b2d87f70bf
4aac7c1cebcd70bf
3147a0fde41971bf
fd49b2efc26371bf
10d118c181ab71bf
160e50741ef171bf
a3eddb3f963472bf
a9b7358ee67572bf
92afb5fd0cb572bf
dcb8786007f272bf
620842bcd32c73bf
1de6584a706573bf
8f886277db9b73bf
830e38e313d073bf
2fa0b860180274bf
d2bd97f5e73174bf
c1c427da815f74bf
c6b12079e58a74bf
572a636f12b474bf
e3d3b78b08db74bf
a5038bcec7ff74bf
51cea469502275bf
b582ddbfa24275bf
5697ce64bf6075bf
3716801ca77c75bf
1d9012db5a9675bf
a6a165c4dbad75bf
7315bb2b2bc375bf
41ad56934ad675bf
e79d1aac3be775bf
d3c8205500f675bf
d4be509b9a0276bf
cd97f2b80c0d76bf
4aab3e15591576bf
fa35ea43821b76bf
8ef8b0048b1f76bf
3fdcdb42762176bf
fca9c414472176bf
fde056bb001f76bf
c0b98da1a61a76bf
fc62ef5b3c1476bf
ac8505a8c50b76bf
f41dd36b460176bf
b7b647b5c2f475bf
a615b0b93ee675bf
1e6624d5bed575bf
abf0f38947c375bf
296e0e80ddae75bf
75046b84859875bf
d3fb6c88448075bf
803b46a11f6675bf
9b9c57071c4a75bf
31228f153f2c75bf
0e26c4488e0c75bf
c588113f0feb74bf
7ff52db7c7c774bf
9f47c28fbda274bf
5c23bec6f67b74bf
98cfaa78795374bf
7861fcdf4b2974bf
ba49615474fd73bf
ce52104af9cf73bf
e9201551e1a073bf
b2429b14337073bf
36e4375af53d73bf
a53232012f0a73bf
a082ca01e7d472bf
eb47806c249e72bf
04f05669ee6572bf
b5ae19374c2c72bf
a84e9e2a45f171bf
fb1307aee0b471bf
f6c30340267771bf
d9df11731d3871bf
7e24bceccdf770bf
4c5fd9643fb670bf
bca7caa4797370bf
660fb986842f70bf
93aea5e9cfd46fbf
ec7810d157486fbf
7bd48fd3b0b96ebf
f949761ceb286ebf
fe7403f116966dbf
1097dbae44016dbf
b8f77eca846a6cbf
dc35c1cde7d16bbf
88a740567e376bbf
66ebdd13599b6abf
92c733c788fd69bf
ce7a0f401e5e69bf
589ae95b2abd68bf
3e9f5f04be1a68bf
7b42ae2dea7667bf
21c42cd5bfd166bf
d640c9ff4f2b66bf
dc2e86b8ab8365bf
f927f90ee4da64bf
bc16cb150a3164bf
64ed39e12e8663bf
61fc9b8563da62bf
f70ce515b92d62bf
b2572da2408061bf
94783a360bd260bf
54790ad8292360bf
6b25c20c5be75ebf
8079ae6e4e875dbf
845cdaad4f265cbf
32c73d8b80c45abf
4e94f6ad026259bf
c7567ca0f7fe57bf
4de2d9cd809b56bf
12c0ec7ebf3755bf
a0baaad7d4d353bf
12c26dd4e16f52bf
8b4b4647070c51bf
88d9a8aacb504fbf
c1b14fe83b8a4cbf
3ef24dce9fc449bf
1a90fa79370047bf
a54e229a423d44bf
b0aa026a007c41bf
b9e4a8585f793dbf
f6a1cc4c1dff37bf
c06f8f36b68932bf
10b0111c49332abf
11a088cf86bd1ebf
25ac91402f5b02bf
1e281dfabd8e083f
fd2299bdc2cf203f
72d0bd9d846c2b3f
c1a22d2c87fc323f
414556e03d3a383f
067548aaf56e3d3f
116f43931f4d413f
e15ca02bd6dd433f
60c921566869463f
e5526285a0ef483f
98c080ea49704b3f
05a5db7830eb4d3f
8814dc741030503f
87dae95f7467513f
ab297025ab9b523f
f3c375559ccc533f
e8b8d7e92ffa543f
ce03e7474e24563f
061bfb41e04a573f
e260f918cf6d583f
1c59d17d048d593f
ee95ed926aa85a3f
ed4199edebbf5b3f
ca6ec83a305ea43f
6a590dcb185ba43f
b244a7af5e57a43f
1f357f360253a43f
ac618fb6034ea43f
b8cbdb8f6348a43f
363e6a2b2242a43f
77b439fb3f3ba43f
a629397abd33a43f
92d13d2c9b2ba43f
7bbbf89dd922a43f
0fe0eb647919a43f
269b5e1f7b0fa43f
86925174df04a43f
400a7213a7f9a33f
21a80cb5d2eda33f
f3a6ff1963e1a33f
e47aac0b59d4a33f
efe7e85bb5c6a33f
c58befe478b8a33f
42dc4f89a4a9a33f
db9bdd33399aa33f
e6c49fd7378aa33f
a5edbe6fa179a33f
382673ff7668a33f
7d51f191b956a33f
02fb573a6a44a33f
01ab9b138a31a33f
38ba72401a1ea33f
c1a640eb1b0aa33f
0cec004690f5a23f
335f318a78e0a23f
9911bcf8d5caa23f
0bbbe0d9a9b4a23f
b6ad1d7df59da23f
4b551839ba86a23f
6043856bf96ea23f
4cca0f79b456a23f
322941cdec3da23f
614a67daa324a23f
79167b19db0aa23f
8e5d060a94f0a13f
11590932d0d5a13f
2ac8df1d91baa13f
fba72560d89ea13f
c68a9b91a782a13f
5c8f0a510066a13f
52fb2743e448a13f
74797812552ba13f
84ff326f540da13f
ab5c230fe4eea03f
60738cad05d0a03f
1f200a0bbbb0a03f
3bd072ed0591a03f
3dcab81fe870a03f
a02acb716350a03f
579676b8792fa03f
86a645cd2c0ea03f
711ec21cfdd89f3f
9d05dfbce1949f3f
76abea480b509f3f
b2c767977d0a9f3f
267511873cc49e3f
4f1299fe4b7d9e3f
8cb563ecaf359e3f
be3747466ced9d3f
d0db460985a49d3f
da954f39fe5a9d3f
63f9f3e0db109d3f
abd1271122c69c3f
706afbe0d47a9c3f
068c566df82e9c3f
5332b3d890e29b3f
ad01d84aa2959b3f
1e8092f030489b3f
c61571fb40fa9a3f
2fdc7ca1d6ab9a3f
4540f31cf65c9a3f
907affaba30d9a3f
9de57390e3bd993f
3e35830fba6d993f
619579712b1d993f
27b375013ccc983f
58b8210df07a983f
b43b6ce44b29983f
0f2d41d953d7973f
c0bf423f0c85973f
745b826b7932973f
fc9539b49fdf963f
e33c8370838c963f
4f7114f82839963f
0bdef5a294e5953f
790b3dc9ca91953f
99d4c5c2cf3d953f
6e05ece6a7e9943f
c924458c5795943f
9d705a08e340943f
cc0e63af4eec933f
b07afed39e97933f
a131efc6d742933f
14a5d5d6fded923f
6f74eb4f1599923f
d8f6be7b2244923f
b216efa029ef913f
bf85e7022f9a913f
a74b9de13645913f
f8b64b7945f0903f
79b231025f9b903f
3a854fb08746903f
fefe496687e38f3f
8637e06a2e3a8f3f
1a2ed8b90c918e3f
960622942ae88d3f
79b6a72f903f8d3f
1933ceb645978c3f
aeb2f74753ef8b3f
350307f5c0478b3f
3c06e4c296a08a3f
5f5401a9dcf9893f
6a14e3909a53893f
2509a755d8ad883f
06e48dc39d08883f
59df8597f263873f
88abb67edebf863f
c6b10e16691c863f
e5b9d1e99979853f
83f7287578d7843f
2683b4210c36843f
614c1e475c95833f
af86ae2a70f5823f
079ce1fe4e56823f
ada6ffe2ffb7813f
047fb5e2891a813f
335faff5f37d803f
b14c6afe89c47f3f
a179909b078f7e3f
924b86356e5b7d3f
ef7df513cb297c3f
9b70c2522bfa7a3f
558855e19bcc793f
b217e88129a1783f
d1d1d4c8e077773f
1bd8eb1bce50763f
7e64cab1fd2b753f
d62436917b09743f
f94b7c9053e9723f
dc5cd45491cb713f
5fc3c65140b0703f
e3752e91d72e6f3f
fd23668f3d026d3f
cd924654c8da6a3f
c146052e8db8683f
e03fef01a19b663f
b3ea644b1884643f
7105de1a0772623f
c09bf5148165603f
6c2bfce232bd5c3f
f5e33af5c5ba583f
814ce317e0c3543f
f4897a23a5d8503f
349f712070f2493f
d48607e9754b423f
0492e60d3c79353f
ac88d2b848311a3f
0c566e56a85e20bf
566c92f93cb936bf
a6eaeeec788842bf
adbbb307009b49bf
53340222fe4950bf
af3e08f89bb953bf
f18f92993f1c57bf
6ee1b207d0715abf
0743b13135ba5dbf
331de3faab7a60bf
a8d7e110911162bf
2059d639bfa163bf
5c151e4d2c2b65bf
2c29ad9acead66bf
a08a40eb9c2968bf
92a687808e9e69bf
ca7745159b0c6bbf
c90d69ddba736cbf
14921d86e6d36dbf
13c7d135172d6fbf
34891b46a33f70bf
31041c5137e570bf
cf45f304458771bf
4cbf30e7c92572bf
aa0cd9b9c3c072bf
1a6f507b305873bf
832041660eec73bf
09817df15b7c74bf
2d28decf170975bf
43d91bf0409275bf
8663a57cd61776bf
b87571dbd79976bf
7566ccad441877bf
edfb21d01c9377bf
7b36c359600a78bf
fe28a89c0f7e78bf
77e12d252bee78bf
eb6cd0b9b35a79bf
1efce05aaac379bf
0d34384210297abf
b0aee4e2e68a7abf
b7b7d5e82fe97abf
9c4b8238ed437bbf
a1658cee209b7bbf
bba1605fcdee7bbf
ae3ed216f53e7cbf
e18ab3d79a8b7cbf
3dc36a9bc1d47cbf
0c7183916c1a7dbf
694f3c1f9f5c7dbf
5bc511df5c9b7dbf
1cfd44a0a9d67dbf
afa55f66890e7ebf
dc68b46800437ebf
4223dc1113747ebf
dee72fffc5a17ebf
3add3f001ecc7ebf
41ff461620f37ebf
9bd39b73d1167fbf
de1b1e7b37377fbf
5e93a1bf57547fbf
7ac55503386e7fbf
270a2b37de847fbf
4fb5347a50987fbf
5c87081995a87fbf
ed6c1b8db2b57fbf
f99a1b7cafbf7fbf
2e1648b792c67fbf
a6b3c53a63ca7fbf
76a1f12c28cb7fbf
a085b1dde8c87fbf
5a42c1c5acc37fbf
786efe857bbb7fbf
ef90b1e65cb07fbf
e72ed5d658a27fbf
53bb5a6b77917fbf
ef776ddec07d7fbf
6056b38e3d677fbf
38ea8bfef54d7fbf
d67a4dd3f2317fbf
ea4480d43c137fbf
50fc17ebdcf17ebf
779dab20dccd7ebf
649fab9e43a77ebf
1a9596ad1c7e7ebf
5f502cb470527ebf
fc949f3649247ebf
d26dc6d5aff37dbf
df32494eaec07dbf
7f52d0774e8b7dbf
25ed30449a537dbf
395598be9b197dbf
3882b60a5ddd7cbf
d089e763e89e7cbf
152e5c1c485e7cbf
e992419c861b7cbf
6a29e860aed67bbf
8be4e9fbc98f7bbf
94c64f12e4467bbf
2ad7b65b07fc7abf
099574a13eaf7abf
70f2babd94607abf
50eebb9a14107abf
fdd8cc31c9bd79bf
fd57898abd6979bf
2937f6b9fc1379bf
1f1aa4e191bc78bf
771bd22e886378bf
276e90d9ea0878bf
db0ee323c5ac77bf
bc97e458224f77bf
5344e9cb0df076bf
8d39a2d7928f76bf
3c2041ddbc2d76bf
1a219c4397ca75bf
b45552762d6675bf
68bbf0e48a0075bf
35bb1702bb9974bf
7052a142c93174bf
eef0c71cc1c873bf
b2184e07ae5e73bf
56d1a6789bf372bf
c0fb1ee6948772bf
109907c3a51a72bf
8411e17fd9ac71bf
6b8c87893b3e71bf
4b656048d7ce70bf
18d1881fb85e70bf
067e0bd8d2db6fbf
cc0cea07edf86ebf
95d87f6bd5146ebf
fc269e8ea22f6dbf
3cc77fea6a496cbf
4ce536e444626bbf
29071ecb467a6abf
bb484cd7869169bf
45f60c281ba868bf
cb995ac219be67bf
5f9e5d8f98d366bf
819cee5aade865bf
556f1cd26dfd64bf
9023b681ef1164bf
eee3d8d4472663bf
45f381138c3a62bf
84d22461d14e61bf
99a345bb2c6360bf
e4d02ff065ef5ebf
ec64438af1185dbf
f0a6c64b25435bbf
6f6107e5296e59bf
628a02ad279a57bf
f6ddcf9e46c755bf
7a291757aef553bf
cb838f11862552bf
348a88a6f45650bf
e3adfb1041144dbf
9e8d69835f7e49bf
608dc9e38fec45bf
8d7fd4971c5f42bf
643b114e9eac3dbf
1d76756ce0a436bf
0d72f60c1e4f2fbf
4aa37e826f6a21bf
795ce42f66e6fcbe
a9b755d46c31143f
03089e2d0ab5273f
1a74d448919b323f
6d943cd0fb4e393f
7fa5fdb742f43f3f
6c0b160c7345433f
8180840e3489463f
f00df08626c5493f
0951daa90df94c3f
5a3defdf5612503f
00236b14e6a3513f
890473af1731533f
d2c9b77ccfb9543f
81ecf5d7f13d563f
1a9555ae63bd573f
b600be7f0a38593f
750e1c60ccad5a3f
5ef09bf88f1e5c3f
e2f9d5883c8a5d3f
3771eee7b9f05e3f
b332d442f828603f
8ebcb5b5e4d6603f
64509e1e1782613f
1ee2549d842a623f
2522d49f22d0623f
b62cb3e2e672633f
01a98771c712643f
124f41a7baaf643f
40da7e2eb749653f
2f62dc01b4e0653f
cf203b6ca874663f
029f02098c05673f
9e4c5bc45693673f
868762db001e683f
5d0e58dc82a5683f
72e6c4a6d529693f
62b49b6bf2aa693f
908f52add2286a3f
0f4ff63f70a36a3f
cb583749c51a6b3f
eef56f40cc8e6b3f
4334a4ee7fff6b3f
f4577b6edb6c6c3f
6de6322cdad66c3f
af4f8be5773d6d3f
e440aea9b0a06d3f
9fa30ed980006e3f
8f564225e55c6e3f
37a5d590dab56e3f
f28b186f5e0b6f3f
48cee5636e5d6f3f
cfeb636308ac6f3f
d1ffbfb12af76f3f
004a71f1691f703f
353a0f6d8141703f
88c7ec64db61703f
00f797997780703f
2a6bc8f2559d703f
bc0d2b7f76b8703f
aed92a74d9d1703f
c4cdb62d7fe9703f
bc0d052e68ff703f
b23a531d9513713f
af09a4c90626713f
3a217a26be36713f
0345904cbc45713f
a9d88e790253713f
21c2be0f925e713f
f0b3b9956c68713f
9de817b69370713f
fb571b3f0977713f
ea6f5822cf7b713f
89595c74e77e713f
abd4506c5480713f
27b39d631880713f
fefd87d5357e713f
1ecece5eaf7a713f
4ce345bd8775713f
2e036ecfc16e713f
1c2b0b946066713f
519fb829675c713f
28e27aced850713f
669e4fdfb843713f
488fbbd70a35713f
dd715651d224713f
bb0a55031313713f
204b11c2d0ff703f
a5a1907e0feb703f
69810846d3d4703f
072c614120bd703f
6dc9b6b4faa3703f
30dad8fe6689703f
e10fc898696d703f
c99732150750703f
b5e3ee1f4431703f
affd747d2511703f
16e5ac1460df6f3f
2bc06975d1996f3f
be646e33a9516f3f
593cfb91f1066f3f
05c82800b5b96e3f
c8d0ca17fe696e3f
115e519cd7176e3f
ca88a7794cc36d3f
9b4710c3676c6d3f
514a01b234136d3f
2702fca4beb76c3f
a2ed641e115a6c3f
2d4459c337fa6b3f
7c18835a3e986b3f
020fecca30346b3f
b1bfce1a1bce6a3f
61df666e09666a3f
3b47c00608fc693f
24f984402390693f
3b36ca926722693f
eec5dc8de1b2683f
8e820cda9d41683f
f4497736a9ce673f
c36ad377105a673f
faa43987e0e3663f
c6dcee60266c663f
52952d13eff2653f
2450efbc4778653f
80e6b58c3dfc643f
e8fb54bfdd7e643f
2c9ebb9e3500643f
2530be805280633f
ffb3e0c541ff623f
ef9221d8107d623f
01f8c429cdf9613f
e5d820348475613f
fec1697643f0603f
fe828074186a603f
6aa3816b21c65f3f
44f4a18773b65e3f
5a6de55242a55d3f
9c8daae2a8925c3f
e7b9d149c27e5b3f
21ef6696a9695a3f
ee854ecf7953593f
1829f5f14d3c583f
d13703f04024573f
44b613ad6d0b563f
3e026ffceef1543f
5574c99edfd7533f
ee1b06405abd523f
3abafd7479a2513f
87334ab95787503f
c62f2dda1ed84e3f
14dbe7a575a14c3f
18d9651be86a4a3f
529c853caa34483f
44bc2ac3effe453f
8fd8101decc9433f
a5a4a967d295413f
5fa50cd8aac53e3f
257599354f623a3f
24e97010f601363f
748c50d002a5313f
bd72e028b0972a3f
607e9f57afed213f
86dc7a368a99123f
7ee6ca6f34b6d63e
cf25e4b4325b0fbf
cfcd6f50f95720bf
2903eda919cd28bf
a202e98aba9a30bf
472b3d7b2ac834bf
c80b106182ee38bf
8d022208690d3dbf
a30cb629439240bf
8224cba1c19942bf
7428a7fe049d44bf
8047bfe7e29b46bf
334cb29c319648bf
498743f8c78b4abf
ff3c45737d7c4cbf
794f72272a684ebf
06851b69532750bf
ce6bb46be61751bf
8d62f621bb0552bf
ad4e26e8bef052bf
063c9d71dfd853bf
665101ca0abe54bf
1cd975562fa055bf
3150c2d63b7f56bf
9048e84fd94aa0bf
8b4ab9d89a48a0bf
ae423014da45a0bf
025d89399742a0bf
41d74a87d23ea0bf
9ec93f438c3aa0bf
ed7372bac435a0bf
ba0f26417c30a0bf
a727d032b32aa0bf
c07411f26924a0bf
6942aee8a01da0bf
5e5986875816a0bf
9e728c46910ea0bf
af32bda44b06a0bf
9c5c2b5010fb9fbf
19f212bb8ee89fbf
3b7df0b113d59fbf
ddcf456aa0c09fbf
2d99402736ab9fbf
8be3a239d6949fbf
96aeaaff817d9fbf
15a8f8e43a659fbf
1c057662024c9fbf
ec7d39fed9319fbf
f56d6b4bc3169fbf
0b1b29eabffa9ebf
45256787d1dd9ebf
5d22d3dcf9bf9ebf
2166b4b03aa19ebf
44fbcbd595819ebf
9dce332b0d619ebf
c90e3d9ca23f9ebf
c6c34d20581d9ebf
55a0bdba2ffa9dbf
6410b27a2bd69dbf
6186f97a4db19dbf
4f0be6e1978b9dbf
8c1327e10c659dbf
fe9ba2b5ae3d9dbf
47914da77f159dbf
9485030982ec9cbf
c6b65d38b8c29cbf
0669899d24989cbf
86971dabc96c9cbf
3b00f0dda9409cbf
8c8ce9bcc7139cbf
0e1bdad825e69bbf
50ac4bccc6b79bbf
b7f7543bad889bbf
e76a6bd3db589bbf
6c96344b55289bbf
b50c57621cf79abf
73b54ae133c59abf
189a28999e929abf
2f2d7a635f5f9abf
75120822792b9abf
7a69a8beeef699bf
c09f0c2bc3c199bf
5ecc8e60f98b99bf
ec9afe5f945599bf
cfc76d31971e99bf
e932fce304e798bf
cb8aa38de0ae98bf
3196024b2d7698bf
bd1e283fee3c98bf
c57f5d93260398bf
28dff076d9c897bf
6a12ff1e0a8e97bf
28353dc6bb5297bf
38f3c1acf11697bf
948cce17afda96bf
3c959751f79d96bf
70760da9cd6096bf
62b3a471352396bf
bdf71d0332e595bf
26f24db9c6a695bf
2c00e5f3f66795bf
bead3616c62895bf
b20e018737e994bf
5bf433b04ea994bf
d904b8fe0e6994bf
1db635e27b2894bf
1833dccc98e793bf
0b2e283369a693bf
e4a2aa8bf06493bf
1d90cf4e322393bf
27a8a4f631e192bf
f500a0fef29e92bf
bcc366e3785c92bf
60e39322c71992bf
a9db7e3ae1d691bf
da7e02aaca9391bf
78d343f0865091bf
1009798c190d91bf
b085b0fd85c990bf
d51198c2cf8590bf
96244459fa4190bf
edacee7d12fc8fbf
80fbd3dfff738fbf
03ee23cec3eb8ebf
7140d53b65638ebf
b1107a18ebda8dbf
5eb1d04f5c528dbf
b1f354c9bfc98cbf
81f5d1671c418cbf
bd76f40879b88bbf
16c1dd84dc2f8bbf
fd24b7ad4da78abf
e618464fd31e8abf
e2fd802e749689bf
d5932409370e89bf
bd204a95228688bf
df56fe803dfe87bf
d9fed8718e7687bf
306a95041cef86bf
4dbaabccec6786bf
d0feea5307e185bf
0e35141a725a85bf
4f2b769433d484bf
f6538a2d524e84bf
9e8a9244d4c883bf
47d5372dc04383bf
81232a2f1cbf82bf
6817c185ee3a82bf
86da9d5f3db781bf
b3074ede0e3481bf
49acef1569b180bf
a16bd60c522f80bf
428d63769f5b7fbf
c9206915d0597ebf
3c237bac41597dbf
3bca02d3ff597cbf
93216b01165c7bbf
64bc79908f5f7abf
e2f9a9b8776479bf
b7df8a91d96a78bf
ce9a1f11c07277bf
62a8420b367c76bf
deba0b31468775bf
b15c3810fb9374bf
106097125fa273bf
231d777d7cb272bf
5a9116715dc471bf
ad6019e80bd870bf
9b8efd6d23db6fbf
a1f83617f1096ebf
ab2c2dd9933c6cbf
97ebd2711e736abf
0c70c54ea3ad68bf
1687588c34ec66bf
6fdaa8f4e32e65bf
3784b4fec27563bf
ddec79cde2c061bf
800f1d2f541060bf
184926384fc85cbf
ab8fa96cda7859bf
12302d91693256bf
2cd6108b1bf552bf
c2516c1c1d824fbf
e0403337c02c49bf
b841f1ff59ea42bf
2b20144a457639bf
9a3f319d437d2abf
1482d3f142e3f2be
e29261ae3775253f
131ffd6f697b363f
ea7cf759e909413f
7a664a56bcc1463f
c86a0cacff644c3f
18a72f6bc3f9503f
8d430a6793b6533f
73599a05db68563f
3f9735438610593f
7efc2add81ad5b3f
d8da5c52bb3f5e3f
0c7ce6719063603f
e55b8dcad0a1613f
a6ae799696da623f
3a2dba1ada0d643f
d9de3ffe933b653f
8e55014abd63663f
1cf816694f86673f
955fd02844a3683f
5fc1c2b895ba693f
eb70d0aa3ecc6a3f
947729f339d86b3f
ff4d45e882de6c3f
25b2d54215df6d3f
79a7b21dedd96e3f
30a0bff506cf6f3f
4defe4d42f5f703f
9405303dfad3703f
e986d184e145713f
ba1688ade4b4713f
2742a2e90221723f
8de4dc9b3b8a723f
c13e3e578ef0723f
20c3eddefa53733f
929e082681b4733f
5200734f2112743f
7527a6addb6c743f
e63d7bc2b0c4743f
0a03f33ea119753f
454ffa02ae6b753f
bc742b1dd8ba753f
8d868cca2007763f
1c8a4a768950763f
fe9b71b91397763f
480ea25ac1da763f
9389c24d941b773f
f535afb38e59773f
fef5e5d9b294773f
1aba2f3a03cd773f
b9f6467a8202783f
82437b6b3335783f
462d520a1965783f
9844257e3692783f
ef6fbd188fbc783f
868ceb5526e4783f
fa651edbff08793f
e50ff6761f2b793f
5ea9d420894a793f
cf956cf84067793f
42344c454b81793f
9c206776ac98793f
bf079d2169ad793f
7c1a3e0386bf793f
3c298dfd07cf793f
08743f18f4db793f
4839fa7f4fe6793f
f00ece851fee793f
3b11b09e69f3793f
9df2f06233f6793f
57f8b18d82f6793f
8eef57fc5cf4793f
c926fcadc8ef793f
bc77dbc2cbe8793f
926dc37b6cdf793f
07947d39b1d3793f
45fb387ca0c5793f
92fdf1e240b5793f
b752d82a99a2793f
7c7eb32eb08d793f
fca545e68c76793f
b5d9ac65365d793f
6fe0c2dcb341793f
a7907b960c24793f
8dc441f84704793f
f3f652816de2783f
c49519ca84be783f
cf1686839598783f
5add6676a770783f
e2fcbe82c246783f
6de71b9fee1a783f
8813ead733ed773f
1da9c84e9abd773f
8541dc392a8c773f
67c920e3eb58773f
7d90baa7e723773f
0a9746f725ed763f
e3242a53afb4763f
36b9e14d8c7a763f
ee5e4f8ac53e763f
9a7508bb6301763f
9efba2a16fc2753f
3f66020ef281753f
c017a4ddf33f753f
317febfa7dfc743f
31f16d5c99b7743f
92453e044f71743f
a34938ffa729743f
59134c64ade0733f
0b44c9536896733f
9c46aaf6e14a733f
1099df7d23fe723f
412d9b2136b0723f
8cef9b202361723f
e77e79bff310723f
7b26f047b1bf713f
d7232d08656d713f
13491b52181a713f
1305b07ad4c5703f
b7e238d9a270703f
3a8aa9c68c1a703f
dda0d43937876f3f
b6c74e6cb1d76e3f
404441d89a266e3f
6348f42e06746d3f
ca161b1e06c06c3f
4e3f784ead0a6c3f
519083620e546b3f
7bda11f53b9c6a3f
199afe9748e3693f
b0a4d7d24629693f
5eee8a21496e683f
338216f361b2673f
60c03aa8a3f5663f
a5ff2e922038663f
08a758f1ea79653f
35d204f414bb643f
849f24b5b0fb633f
2b370c3bd03b633f
96a63476857b623f
2aa00040e2ba613f
ad3b8459f8f9603f
a3c74f6ad938603f
91887bfe2def5e3f
c32e8812856c5d3f
c32891b8dae95b3f
41cff15b51675a3f
4cf84b290be5583f
5ed3450c2a63573f
4b0c4fadcfe1553f
c04c6d6f1d61543f
5f4b106e34e1523f
6180ed7a3562513f
b663c73782c84f3f
b7e4cc11efce4c3f
655ee353f1d7493f
5af80a2ac8e3463f
38645418b2f2433f
6713faf6ec04413f
651015dd6b353c3f
884248e89268363f
55fe848bc6a3303f
e742779af9ce253f
8142e1dca8d0143f
37d76a158c6fddbe
6b4bbeb62b5718bf
97c86a2c185727bf
8760ee56933631bf
e344ebfa73b636bf
bfff81f1c22a3cbf
0e4a316a8bc940bf
d856c2f6837743bf
42d9761e181f46bf
347427bf15c048bf
30c73d974b5a4bbf
7d315b4889ed4dbf
55a2f5accf3c50bf
45d7d09d2f7f51bf
02cbf1a3cdbd52bf
9c170e6393f853bf
12407ef66a2f55bf
3e1853f23e6256bf
bfab6064fa9057bf
1d913ed588bb58bf
7ca43d49d6e159bf
bf1a5341cf035bbf
c4edf8bb60215cbf
db8d0336783a5dbf
7ed76cab034f5ebf
294b1498f15e5fbf
183c3a7c183560bf
50cf26a558b860bf
c9bea246313961bf
612abea19ab761bf
98850b398d3362bf
4942dfd001ad62bf
4e0e8a6ff12363bf
6aa98d5d559863bf
b74ecc25270a64bf
afb6b295607964bf
5cb15cbdfbe564bf
d65cb4eff24f65bf
f6f78bc240b765bf
f854b20ee01b66bf
4ef101f0cb7d66bf
31b36ac5ffdc66bf
4c53f630773967bf
3c75c7172e9367bf
d27613a220ea67bf
7df7163b4b3e68bf
c0200591aa8f68bf
5ab3f1943bde68bf
06e3b57afb2969bf
9e03d0b8e77269bf
07123e08feb869bf
df1e53643cfc69bf
bfa4870aa13c6abf
5ed0447a2a7a6abf
13c5aa74d7b46abf
b1e551fca6ec6abf
342d075598216bbf
9d9e8303ab536bbf
29d81ecdde826bbf
3ad47cb733af6bbf
58e23608aad86bbf
1be47f4442ff6bbf
5ad9c330fd226cbf
9dc842d0db436cbf
8c0ea764df616cbf
a422976d097d6cbf
f5dc42a85b956cbf
844bec0ed8aa6cbf
9a236cd880bd6cbf
09deb17758cd6cbf
fd8b3f9b61da6cbf
7673a12c9fe46cbf
ca81e14f14ec6cbf
6fa3f662c4f06cbf
d81030fdb2f26cbf
7c9f9ceee3f16cbf
81276e3f5bee6cbf
080e592f1de86cbf
9504f0342edf6cbf
6d0efcfc92d36cbf
d5dcd06950c56cbf
89939d926bb46cbf
8606bac2e9a06cbf
6983f078d08a6cbf
d237c46625726cbf
3e47b46fee566cbf
5aa27ba831396cbf
aeb24d56f5186cbf
2eed0fee3ff66bbf
fb5e901318d16bbf
6d46b99884a96bbf
0bcdc17c8c7f6bbf
40f55beb36536bbf
f9cedf3b8b246bbf
b90774f090f36abf
d1e933b54fc06abf
08df525fcf8a6abf
a0893dec17536abf
748ab88031196abf
2006fd6724dd69bf
2700d312f99e69bf
269ea916b85e69bf
896aad2c6a1c69bf
caa9dc3018d868bf
7cd81921cb9168bf
83653c1c8c4968bf
98bf1f6164ff67bf
a2cab04d5db367bf
90d0f95d806567bf
b3052d2bd71567bf
3bb4ad6a6bc466bf
f22418ed467166bf
7959489d731c66bf
a5af5f7ffbc565bf
4d81c9afe86d65bf
56d83e62451465bf
1c49c9e01bb964bf
bc0cc58a765c64bf
be6de2d35ffe63bf
ab9e2643e29e63bf
7f0dec71083e63bf
564ce20adddb62bf
99a30dc96a7862bf
ff60c676bc1362bf
5efcb7ecdcad61bf
d124e010d74661bf
39cd8dd5b5de60bf
684a6038847560bf
fb9b46414d0b60bf
bae2fd0238405fbf
01062d25f7675ebf
9ea0d32aee8d5dbf
e0b74a6233b25cbf
9fee8d24ddd45bbf
31693fd301f65abf
381fadd6b7155abf
1dced79b153459bf
96ab7b92315158bf
25061b2b226d57bf
7bf50ad5fd8756bf
174782fcdaa155bf
8bceaa08d0ba54bf
6c38b559f3d253bf
4d90ef465bea52bf
d799de1c1e0152bf
9a245a1b521751bf
e07cac730d2d50bf
5a486a8dcc844ebf
aae01d46e5ae4cbf
fb74730691d84abf
5b738f97fb0149bf
2a6e1d93502b47bf
ee6aba5fbb5445bf
796a672d677e43bf
3f5e04f27ea841bf
cdbda7cb5aa63fbf
bfc00f003afd3bbf
2e31afe6ef5538bf
ebda3d55d0b034bf
bc320f8b2e0e31bf
973af154badc2abf
0c2c98645ca323bf
b12e9fddcbe118bf
a687d8f2e01705bf
eb2adb5bcdcced3e
d11937cc95ed113f
abbea9176507203f
e89c671f000e273f
b7aee04f020a2e3f
430d68d2697d323f
d0a049e7eeef353f
6078b51e465c393f
3d23451626c23c3f
a1af3c2ba310403f
921a07acafbc413f
55709a441565433f
e39e5929b109453f
3020740e61aa463f
c4a25a2a0347483f
74eb253876df493f
39d4ef7999734b3f
67381ebb4c034d3f
57af9f52708e4e3f
a3f78c92720a503f
70e0845346cb503f
bb286a6fa489513f
9deb64337e45523f
b96e1a886f299b3f
1d6dfcdab3269b3f
603fff961e239b3f
a2657a05b01e9b3f
c3b1fa7b68199b3f
b11a3b5c48139b3f
a1bf1c14500c9b3f
3e1c9e1d80049b3f
156ed1fed8fb9a3f
824cd2495bf29a3f
ad73ba9c07e89a3f
b9c395a1dedc9a3f
c774550ee1d09a3f
4b81c2a40fc49a3f
72476f326bb69a3f
f762a890f4a79a3f
4cc064a4ac989a3f
bcea345e94889a3f
949631baac779a3f
e668e9bff6659a3f
defd4d8273539a3f
d22fa01f24409a3f
27a05bc1092c9a3f
6a83219c25179a3f
e9b2a2ef78019a3f
dc04890605eb993f
64ed5f36cbd3993f
60697cdfccbb993f
0036e46c0ba3993f
0d5634548889993f
8de78615456f993f
dc4a583b4354993f
689e6b5a8438993f
2890ae110a1c993f
ae871c0ad6fe983f
272aa1f6e9e0983f
793bfa9347c2983f
4bde98a8f0a2983f
d1348204e782983f
bf652f812c62983f
d6066d01c340983f
4bf03971ac1e983f
6d7aa5c5eafb973f
5b29adfc7fd8973f
58c8191d6eb4973f
1bf85b36b78f973f
9e3168605d6a973f
9b4192bb6244973f
1e3e6870c91d973f
f1f98caf93f6963f
6df791b1c3ce963f
f1ded0b65ba6963f
b67a44075e7d963f
ce3b61f2cc53963f
e449edceaa29963f
3b22d8faf9fe953f
2cc811dbbcd3953f
728961dbf5a7953f
b55a3c6ea77b953f
43ce9a0cd44e953f
e0a8ce357e21953f
8116586fa8f3943f
c983ba4455c5943f
031e51478796943f
e4fd220e4167943f
c1feb6358537943f
5a47e75f5607943f
df85b433b7d6933f
b2e3185daaa5933f
8bb2da8c3274933f
21d85e785242933f
c9fa7ad90c10933f
8771476e64dd923f
99fcf0f85baa923f
77488a3ff676923f
ac3fdd0b3643923f
512d3c2b1e0f923f
a4b5526eb1da913f
50a6f6a8f2a5913f
41a3f8b1e470913f
84b1f4628a3b913f
d7a52298e605913f
9a782630fccf903f
ba83e00bce99903f
6dac3d0e5f63903f
157e071cb22c903f
9371683794eb8f3f
d8ab6dea537d8f3f
ae109e23a90e8f3f
5b73b2b7999f8e3f
4c133d7d2b308e3f
c4a1494c64c08d3f
ce59fdfd49508d3f
e12d376ce2df8c3f
41143071336f8c3f
c3751be742fe8b3f
cfc9c7a7168d8b3f
ba623f8cb41b8b3f
2674696c22aa8a3f
1256ab1e66388a3f
10108a7785c6893f
5e2f4c498654893f
4cf19b636ee2883f
d6c429934370883f
252e4fa10bfe873f
8610b253cc8b873f
3063e86b8b19873f
5d5b1ca74ea7863f
c00eb1bd1b35863f
0c97e762f8c2853f
5eb98444ea50853f
3f1c770af7de843f
a10e7e56246d843f
cee8d0c377fb833f
dd09c7e6f689833f
b67b804ca718833f
88408f7a8ea7823f
de51a1eeb136823f
cc532b1e17c6813f
1b061476c355813f
2a77605abce5803f
35fce0250776803f
aef8de29a906803f
84ed965b4f2f7f3f
f531dddd0f527e3f
f2cd2f409e757d3f
b3fd9ed2049a7c3f
295a10cf4dbf7b3f
dfe4a45883e57a3f
c5f3207baf0c7a3f
e30e562adc34793f
56c38e41135e783f
307afc825e88773f
f1552797c7b3763f
8b28600c58e0753f
16843456190e753f
6af4e4cc143d743f
0064ddac536d733f
ffbb2f16df9e723f
f4c4100cc0d1713f
214c5774ff05713f
d89dfd16a63b703f
beab4a3b79e56e3f
4b253b2697566d3f
c518d7c5b6ca6b3f
013fabb1e8416a3f
e595e1403dbc683f
e25c6189c439673f
d311f45e8eba653f
2a8b6f52aa3e643f
f02fe5b027c6623f
7862d6821551613f
823ddc1605bf5f3f
52ca7f8ffae25c3f
05ed17dc270e5a3f
c7cb11daa840573f
cf2e65d6987a543f
6a563d8c12bc513f
f2985947600a4e3f
3c5ad86016ac483f
cd284861795d433f
32a7082f743d3c3f
10ad654510e0313f
0ff1da808f8c1e3f
432aaf6eb4c703bf
5336d4fbcde728bf
8038d1d8574d36bf
15d049fd7a0240bf
0f13f25a38cd44bf
09b4afebbc8649bf
4f5d4ed4e22e4ebf
8b35c4bcc26251bf
d974b0c040a553bf
f121336adade55bf
81d56e4f7f0f58bf
2783eba81f375abf
92c31452ac555cbf
f85facc9166b5ebf
af981899a83b60bf
0d1d1d29273d61bf
f10663ca003a62bf
bc3dbf842f3263bf
bf4478b2ad2564bf
a45b5c00761465bf
42c9d16d83fe65bf
b64ee14cd1e366bf
cecb3a425bc467bf
ce0f34451da068bf
00dec19f137769bf
f22d6bee3a496abf
c4a3362090166bbf
a24b927610df6bbf
8d993585b9a26cbf
b6b8fd3189616dbf
f628c4b47d1b6ebf
24b72f9795d06ebf
8fd27fb4cf806fbf
5426a99c151670bf
d1c1b1d1536970bf
d182a46022ba70bf
5e581359810871bf
3b2faff2705471bf
670e1d8df19d71bf
3182c8af03e571bf
cd58b309a82972bf
f5b74271df6b72bf
828e09e4aaab72bf
8d6890860be972bf
67ad1aa4022473bf
824a69ae915c73bf
d5d37a3dba9273bf
561e490f7ec673bf
105d8407dff773bf
0dc54b2fdf2674bf
e1c0e3b4805374bf
81b969ebc57d74bf
1d7d854ab1a574bf
7649186e45cb74bf
a182e91585ee74bf
041d5125730f75bf
46c3dfa2122e75bf
14bf04b8664a75bf
6aadb1b0726475bf
1307fcfa397c75bf
c684bc26c09175bf
4a682ce508a575bf
cfb2800818b675bf
d4518383f1c475bf
eb4a2a6999d175bf
03f02cec13dc75bf
1525975e65e475bf
dfc05a3192ea75bf
ce11dff39eee75bf
ea908e5390f075bf
6ecc621b6bf075bf
ca936e3334ee75bf
166f66a0f0e975bf
f26b2783a5e375bf
e5493c1858db75bf
a31061b70dd175bf
591a05d3cbc475bf
bb9ccbf797b675bf
d9ba0acc77a675bf
e82a490f719475bf
3b7aba99898075bf
98fab95bc76a75bf
2363445d305375bf
883070bdca3975bf
d0cee4b19c1e75bf
61985086ac0175bf
8bb4dd9b00e374bf
c6e1a5689fc274bf
093625778fa074bf
41e1ab65d77c74bf
15fccee57d5774bf
ba6fd8bb893074bf
9b0136be010874bf
898de7d4ecdd73bf
7f7becf851b273bf
2b7bb033388573bf
c491779ea65673bf
6984c961a42673bf
51acdcb438f572bf
f63e00dd6ac272bf
2417062d428e72bf
b108ac04c65872bf
c2cc04d0fd2172bf
7390e006f1e971bf
de32352ca7b071bf
6c3c86cd277671bf
f49c4c827a3a71bf
923b5eeba6fd70bf
916255b2b4bf70bf
2115f888ab8070bf
bd589f28934070bf
05fe3ca3e6fe6fbf
68f35495a77a6fbf
328d82c078f46ebf
edf922c8696c6ebf
8c12c4588ae26dbf
3a41f426ea566dbf
15f312ee98c96cbf
90a7216fa63a6cbf
84b6956f22aa6bbf
67df2ab81c186bbf
fabcb613a5846abf
fe2efd4dcbef69bf
d3d385329f5969bf
38a2728b30c268bf
43bf57208f2968bf
a0a214b5ca8f67bf
7c9cae08f3f466bf
42d72cd4175966bf
b0e575c948bc65bf
d6f52e92951e65bf
7eb89cce0d8064bf
9e178614c1e063bf
25cb18eebe4063bf
40e4cfd816a062bf
5c5d5c44d8fe61bf
23c98f91125d61bf
152f4911d5ba60bf
3c2c64032f1860bf
5fcc542b5fea5ebf
1ad28ec5cba35dbf
f2007ee2c15c5cbf
5e34cc645f155bbf
8596bc02c2cd59bf
d8072844078658bf
070f7f804c3e57bf
396ad1dcaef655bf
d26edb494baf54bf
dc5019823e6853bf
b578e007a52152bf
ecfe7e239bdb50bf
31f2c2c2792c4fbf
f95c7e204ca34cbf
80b1997ee41b4abf
eb0cec78799647bf
3d903a25411345bf
a575c60f719242bf
ed29e9373e1440bf
21157d19ba313bbf
422fbbd3024136bf
89873f28bd5631bf
781fdcd99ce628bf
383398f66a5c1ebf
f69855b1271406bf
6b39ab9e8a50003f
9e46675a1f391b3f
9a6b14347f13273f
d38750fd1a3c303f
bb0353bcfde4343f
94ce0df50c84393f
2ab6cb2cef183e3f
56fa9e2aa651413f
6643b9e86691433f
227f543d8fcb453f
01ad8252f5ff473f
de5d1012702e4a3f
b9e9bb27d7564c3f
414a5b0303794e3f
b14a786d664a503f
857556560755513f
b1e870a0515c523f
0e69f0153360533f
83a9e4e79960543f
da4422af745d553f
46c3176db256563f
6f98998c424c573f
631ba5e2143e583f
cd681aaf192c593f
dc326d9d41165a3f
a56d4cc57dfc5a3f
00db40abbfde5b3f
036d4241f9bc5c3f
ee7f44e71c975d3f
5ae3b86b1d6d5e3f
a1b1090cee3e5f3f
edfc843a4106603f
2399ae61e76a603f
19bdeac163cd603f
0354e4d9b02d613f
bc14ae60c98b613f
f2d8e345a8e7613f
635fc7b14841623f
db785805a698623f
43a568dabbed623f
101faa038640633f
7b5bba8c0091633f
edff27ba27df633f
a1537409f82a643f
712d10316e74643f
3564542087bb643f
5cc775ff3f00653f
a6a1742f9642653f
2cce074a8782653f
0163832111c0653f
01fabac031fb653f
289bdf6ae733663f
2b51599b306a663f
216e9c050c9e663f
9988fa9478cf663f
4a376f6c75fe663f
629468e6012b673f
af8f8b941d55673f
c219743fc87c673f
c32e71e601a2673f
75cb3cbfcac4673f
f8d5af3523e5673f
e60272eb0b03683f
e0c1a5b7851e683f
0a3b90a69137683f
05693df9304e683f
175920256562683f
689dafd32f74683f
92fcfde19283683f
3b6a4f609090683f
6454aa912a9b683f
005265eb63a3683f
e03eb1143fa9683f
1fd21fe6beac683f
83bb2669e6ad683f
56559fd7b8ac683f
f3f7429b39a9683f
d0fc234d6ca3683f
b27e23b5549b683f
71e563c9f690683f
314bb8ad5684683f
ebc910b37875683f
d2bfe3566164683f
af1994421551683f
e0b1d44a993b683f
d5d3086ff223683f
2bf3a1d8250a683f
50a67ada38ee673f
04f42ef030d0673f
6c0472bd13b0673f
4f45610de78d673f
6a12d5d1b069673f
2ef1ae227743673f
0d72253d401b673f
1fc70d8312f1663f
ca20237af4c4663f
6ee24bcbec96663f
49bfdc410267663f
bbd1d9ca3b35663f
bdbc3574a001663f
27eb0e6c37cc653f
72fceaff0795653f
1672f09b195c653f
afad1eca7321653f
4f5384311ee5643f
0721749520a7643f
384eb8d48267643f
2483c4e84c26643f
897de6e486e3633f
9c7175f5389f633f
4c3c005f6b59633f
de757a7d2612633f
2e7a68c372c9623f
e5770ab9587f623f
1b9786fbe033623f
da4c123c14e7613f
7ceb1a3ffb98613f
e6836ddb9e49613f
bc275ef907f9603f
98a1ee913fa7603f
c0b3f4ad4e54603f
ebf03f653e00603f
3d7e7ebb2f565f3f
61344c95c8a95e3f
614a23d759fb5d3f
223f5b17f64a5d3f
3799b201b0985c3f
81c698559ae45b3f
662c78e4c72e5b3f
dc8a00904b775a3f
1cda714838be593f
4ac4e70aa103593f
13e0a5df9847583f
b2ca64d8328a573f
ff4ca00e82cb563f
7ba5e6a1990b563f
502229b68c4a553f
ba240e726e88543f
abb844fd51c5533f
f6ddd97e4a01533f
27a68f1b6b3c523f
3a4636f4c676513f
1242072471b0503f
499c057ef9d24f3f
55189fa0f9434e3f
5f7939b108b44c3f
2a1c0e994c234b3f
c6470026eb91493f
98e571070a00483f
b4321ecbce6d463f
0295fad95edb443f
60e21d75df48433f
d642aeb275b6413f
76fbd57a4624403f
67a47e09ed243d3f
408f2fa754023a3f
a9b535670ce1363f
9f32496e5cc1333f
f64f98678ca3303f
be1a1afec60f2b3f
f4d046b750dd243f
bdc9436784601d3f
3a2bf8174d12113f
f07e11713d44f33e
060a3c6f8d88fdbe
ed6808213c8613bf
b747ee992e9a1fbf
5f10b58b78ce25bf
82c68d54bec62bbf
0f92564cb3da30bf
bc63395ef8cc33bf
33f78fd0eeb936bf
144b2dd757a139bf
50b9c26df5823cbf
58f9755c8a5e3fbf
9d76301eed1941bf
c66dfdbd548142bf
496ab5b15ee543bf
8b7a610cee4545bf
59291252e6a246bf
8797e5792bfc47bf
2fa401f0a15149bf
f90282972ea34abf
3b1a5accb6f04bbf
75942a65203a4dbf
aa7e0ab5517f4ebf
26e8438d31c04fbf
b79fa0fa794797bf
2bf5dc84284597bf
f2c931831c4297bf
74978231563e97bf
a4342dd6d53997bf
210e04c29b3497bf
86ab4750a82e97bf
67829fe6fb2797bf
c71712f5962097bf
8a70fcf5791897bf
7ed1086ea50f97bf
f7cf24ec190697bf
9eb37609d8fb96bf
6d2a5269e0f096bf
834f2cb933e596bf
18068fb0d2d896bf
43a90b11becb96bf
e2112da6f6bd96bf
58f368457daf96bf
c49010ce52a096bf
79cb4029789096bf
438cd149ee7f96bf
4988442cb66e96bf
8063b3d6d05c96bf
ad31bd583f4a96bf
2a5773cb023796bf
82cb45511c2396bf
d4beee158d0e96bf
f9a35d4e56f995bf
76a0a13879e395bf
8564d31bf7cc95bf
656cfe47d1b595bf
14ad0916099e95bf
7dad9fe79f8595bf
df0e1627976c95bf
77855447f05295bf
ed43bbc3ac3895bf
a3da0820ce1d95bf
d28d3fe8550295bf
ae238ab045e694bf
402d20159fc994bf
10cb29ba63ac94bf
e5f0a24b958e94bf
2c2a3e7d357094bf
b5e0460a465194bf
122983b5c83194bf
e1151549bf1194bf
16955b962bf193bf
71d8d2750fd093bf
e34cf4c66cae93bf
16221670458c93bf
57654a5e9b6993bf
4db13d85704693bf
1f7615dfc62293bf
a5db4d6ca0fe92bf
d1409733ffd992bf
c659b341e5b492bf
90f051a9548f92bf
594aed824f6992bf
3233a6ecd74292bf
43b41f0af01b92bf
10765a049af491bf
3ed28f09d8cc91bf
6f960c4daca491bf
587c0b07197c91bf
b7588f74205391bf
b0043dd7c42991bf
2d033575080091bf
a2e6ec98edd590bf
a178089176ab90bf
37a732b0a58090bf
5439f64c7d5590bf
074f96c1ff2990bf
ab5dcdd75efc8fbf
79c8475a1da48fbf
776196d33f4b8fbf
1fa8e412cbf18ebf
305b3eedc3978ebf
5d723e3d2f3d8ebf
b5d7bde211e28dbf
0be481c270868dbf
23a6eac5502a8dbf
dbf7a0dab6cd8cbf
796a44f2a7708cbf
710d190229138cbf
6417b5023fb58bbf
8174aeefee568bbf
af4348c73df88abf
7545208a30998abf
d544dc3acc398abf
d27cd7dd15da89bf
1c04d078127a89bf
1e439412c71989bf
6e78b0b238b988bf
25551c616c5888bf
e7b3e82567f787bf
9a72ed082e9687bf
a1717711c63487bf
20c2f64534d386bf
0206adab7d7186bf
c0095c46a70f86bf
8a9af417b6ad85bf
5aa24520af4b85bf
868cab5c97e984bf
aefabfc7738784bf
a6cc0959492584bf
9884ad041dc383bf
060a1ebbf36083bf
48d3cd68d2fe82bf
1078e0f5bd9c82bf
cbb5dc45bb3a82bf
d3e95e37cfd881bf
bf04cca3fe7681bf
0600055f4e1581bf
e4d71a37c3b380bf
2e1103f4615280bf
3d9a99ae5ee27fbf
fde7ac3760207fbf
91f107ebd15e7ebf
bb79eb21bd9d7dbf
d72b80262bdd7cbf
35fd4633251d7cbf
90e78a72b45d7bbf
120bd4fde19e7abf
b73a5cddb6e079bf
420485073c2379bf
10394f607a6678bf
affdd3b87aaa77bf
7570bfce45ef76bf
8fe9cc4be43476bf
14e244c55e7b75bf
8b847cbbbdc274bf
d6f65699090b74bf
a65fc8b34a5473bf
64b45a49899e72bf
6d51b481cde971bf
f46b206d1f3671bf
3c5f1904878370bf
aac2a94d18a46fbf
a341a4396d436ebf
e0b3d3281ce56cbf
65c9c04434896bbf
a58df382c42f6abf
31961fa4dbd868bf
3f565433888467bf
9e9d3185d83266bf
f74920b7dae364bf
f2428fae9c9763bf
06c334182c4e62bf
faff5367960761bf
21680eaad1875fbf
11401cbf60065dbf
f20a4293f38a5abf
57589033a31558bf
95e36f3388a655bf
9df362abba3d53bf
97facf3752db50bf
4329abefcbfe4cbf
0cc74f18195448bf
aeddee2bb8b643bf
b82d86d7a84d3ebf
e943a92b304935bf
4ff7018cb1c028bf
09ad3151989b0cbf
58c54bd8ca74143f
23992f7c98622b3f
e147ec698f28363f
1eae5831b4823e3f
57d97755ba5f433f
2a6f7687466f473f
7e77f5dcdd6f4b3f
b224b99760614f3f
2acf1707d8a1513f
6b0d4856578b533f
0ae2f2fa1f6d553f
403e83422447573f
87b2ba065719593f
a5a018aeabe35a3f
8146372c16a65c3f
d6ab1e028b605e3f
ebbb469f7f09603f
0ed01b3fb4de603f
e07ffd75deaf613f
80e684a0f97c623f
f47f85620146633f
f64c18a7f10a643f
2ff1a1a0c6cb643f
d3c8d3c87c88653f
b6fea7e01041663f
939e58f07ff5663f
00ad5147c7a5673f
b1441e7ce451683f
d9c2506cd5f9683f
f700663c989d693f
aca3a3572b3d6a3f
ca87f16f8dd86a3f
0f4cae7dbd6f6b3f
af037fbfba026c3f
0a141aba84916c3f
e3480d381b1c6d3f
ce207f497ea26d3f
735deb43ae246e3f
badcdac1aba26e3f
8fc696a2771c6f3f
1013d70913926f3f
f83ab6afbf01703f
7fda72275f38703f
ba3b98e3e86c703f
82c91afd5d9f703f
aa7138aebfcf703f
db5b42520ffe703f
216f64654e2a713f
24ad6a847e54713f
d167846ca17c713f
605805fbb8a2713f
389c242dc7c6713f
189fb91fcee8713f
aff7f60ed008723f
723e2356cf26723f
85e34f6fce42723f
d00b0ef3cf5c723f
0d7b2198d674723f
c0923133e58a723f
186c78b6fe9e723f
b914703126b1723f
3cf57dd05ec1723f
7d699cdcabcf723f
749102bb10dc723f
d362caec90e6723f
4603950e30ef723f
d3722dd8f1f5723f
b48e291cdafa723f
b27489c7ecfd723f
444f55e12dff723f
b792398aa1fe723f
e7b321fc4bfc723f
fe60d18931f8723f
e1447c9e56f2723f
085e5cbdbfea723f
7bf1468171e1723f
0e23409c70d6723f
703b0dd7c1c9723f
8fa5c5106abb723f
3dac623e6eab723f
14014e6ad399723f
5e16efb39e86723f
d154374fd571723f
23372d847c5b723f
155476ae9943723f
6961e03c322a723f
ba38e9b04b0f723f
4ae8459eebf2713f
b7d868aa17d5713f
6d12078cd5b5713f
a5ab9c0a2b95713f
7e69f0fd1d73713f
309d964db44f713f
484873f0f32a713f
04913bece204713f
7591f65487dd703f
648a7d4ce7b4703f
2185fb01098b703f
da6d6cb1f25f703f
afaf1ba3aa33703f
065e222b3706703f
12e8c9513daf6f3f
936a210dcf4f6f3f
7370317130ee6e3f
bc4c657a6e8a6e3f
9275a63796246e3f
781455c9b4bc6d3f
6a3a4060d7526d3f
21d09d3c0be76c3f
8d5302ad5d796c3f
9e78580ddc096c3f
36bed8c593986b3f
6c0f014a92256b3f
b8828c17e5b06a3f
59496bb5993a6a3f
83e6bab2bdc2693f
a9bebea55e49693f
9315d92a8ace683f
458a84e34d52683f
de294e75b7d4673f
3328d088d455673f
be54adc8b2d5663f
265b8de05f54663f
06e7197ce9d1653f
6ebafc455d4e653f
5bccdee6c8c9643f
747e68043a44643f
11014340bebd633f
3df41a376336633f
3e5ba47f36ae623f
14f09fa94525623f
34eee13c9e9b613f
4b645ab84d11613f
871b1f916186603f
0b57ee62cef55f3f
f48fd0efd7dd5e3f
d6b78b6cfac45d3f
8bff836150ab5c3f
f4bf003af4905b3f
fd40564200765a3f
7ea213a68e5a593f
effc346eb93e583f
bfe6597f9a22573f
7d7300984b06563f
26d3c44ee6e9543f
dea7a51084cd533f
7f394d1f3eb1523f
76a15f8f2d95513f
4a05ce466b79503f
35125ef61fbc4e3f
be17396068864c3f
09a22d6be0514a3f
0852da4cb81e483f
0e8058cd1fed453f
e944244446bd433f
443310955a8f413f
6ebe895a16c73e3f
f2f998000c743a3f
ec6c550af125363f
2be301671fdd313f
3c9dfc02e0332b3f
1c2f867575b9223f
7719d9915997143f
89135f7317b3ee3e
8f9325e54c9d09bf
b4da4a8074561dbf
6330dadcdedf26bf
1bd294a09e042fbf
e46ee2bb6c8c33bf
f5cbbad9f88d37bf
5e423709a6863bbf
00790de527763fbf
80e8cda319ae41bf
c89991273f9c43bf
32c1f130608545bf
84470d19596947bf
689ff2e0064849bf
4962813347214bbf
a8d23c67f8f44cbf
f93d0f80f9c24ebf
fb087f18954550bf
184fe76eb52651bf
8ab74d4ece0452bf
0f13ad9bd0df52bf
24e3a896adb753bf
92ae40da568c54bf
df837b5dbe5d55bf
17990b74d62b56bf
980beace91f656bf
4eb3ea7ce3bd57bf
b90c48ebbe8158bf
8a2c27e6174259bf
b2bf1399e2fe59bf
6d11748f13b85abf
3119f5b49f6d5bbf
9489ee557c1f5cbf
2fe1be1f9fcd5cbf
3f811f21fe775dbf
1dc370ca8f1e5ebf
c612feed4ac15ebf
d40c3ac026605fbf
4ba6f2d71afb5fbf
79ad3e970f4960bf
aab5ed0f969260bf
b7146b351dda60bf
73af8998a11f61bf
7de590fb1f6361bf
9ce13e5295a461bf
56fdc6c1fee361bf
ab3ccca0592162bf
14e45777a35c62bf
462eccfed99562bf
1525d321fbcc62bf
f3a349fc040263bf
c18626dbf53463bf
af0b5e3ccc6563bf
2e6ec1ce869463bf
55bfda7124c163bf
2c03c535a4eb63bf
6e98005b051464bf
d0f24352473a64bf
e2ac48bc695e64bf
8bfa94696c8064bf
5b82415a4fa064bf
fca6bbbd12be64bf
124784f2b6d964bf
41fdea853cf364bf
26e8c533a40a65bf
ba0326e6ee1f65bf
8e1c08b51d3365bf
736602e6314465bf
94c0eeeb2c5365bf
00b09166106065bf
4e1b3e22de6a65bf
62d17517987365bf
f0e5866a407a65bf
58ee256bd97e65bf
d3290594658165bf
35a0688ae78165bf
8a42b71d628065bf
23190947d87c65bf
d98ab2284d7765bf
a6c9cc0dc46f65bf
7770bb69406665bf
d75eafd7c55a65bf
d5de261a584d65bf
24226b1afb3d65bf
cd220be8b22c65bf
28f553b8831965bf
2798c6e5710465bf
ec508bef81ed64bf
f69fe278b8d464bf
00dd93481aba64bf
08885948ac9d64bf
965c4b84737f64bf
7d36462a755f64bf
93d55189b63d64bf
748f04113d1a64bf
bdfce4500ef563bf
ebb1c9f72fce63bf
5d1137d3a7a563bf
4446bbce7b7b63bf
757648f3b14f63bf
353b8d66502263bf
2e704b6a5df362bf
5166ad5bdfc262bf
0e8c99b2dc9062bf
0d9904015c5d62bf
4c4d42f2632862bf
a4d2544afbf161bf
8dd13ae528ba61bf
62473cb6f38061bf
b92f36c7624661bf
b90de5377d0a61bf
c2682e3d4acd60bf
7e496920d18e60bf
3ac9a53e194f60bf
55c1f3072a0e60bf
115a51fd15985fbf
0e98496d87115fbf
ab2d2fa9b7885ebf
7326871ab6fd5dbf
1e36834992705dbf
954887db5be15cbf
5b32ae9122505cbf
b8a54d47f6bc5bbf
778879f0e6275bbf
13ce869804915abf
58f08d605ff859bf
f82ced7d075e59bf
92a2ca380dc258bf
a77096ea802458bf
7cf48cfc728557bf
7f4939e6f3e456bf
2c26f82b144356bf
5a397b5de49f55bf
53214d1475fb54bf
cb2156f2d65554bf
9eb461a01aaf53bf
5d10a5cc500753bf
56ca46298a5e52bf
c3abe76ad7b451bf
6edc2c47490a51bf
887c4b73f05e50bf
099e2b45bb654fbf
fb1f140a430c4ebf
082bc68b99b14cbf
8ea65514e0554bbf
3fcb9dde37f949bf
0d706e13c29b48bf
a9d5bdc69f3d47bf
4117dff4f1de45bf
c687bd7fd97f44bf
33291d2c772043bf
8c76e09eebc041bf
b7b1535a576140bf
e3e2fb76b5033ebf
8d40f0ee2b453bbf
9b319431528738bf
f93c9cf967ca35bf
3bb835a2ac0e33bf
923de8215f5430bf
45d4090b7c372bbf
e5bd47d60eca25bf
ae9660faf16020bf
7ec90db63ff915bf
565b7784477606bf
44bb4a4b1c10c1be
53e22b78743b043f
d801bb19a1b6143f
ad4cb57749411f3f
ee1ad8b465de243f
bb99d6b320142a3f
dd54c42f64412f3f
7db58df1df32323f
26002e6a62c0343f
049f30af0249373f
5869489c8acc393f
991972bfc44a3c3f
059ae55c7cc33e3f
c1d779b93e9b403f
9de8e75ecad1413f
dbeaa2dd4705433f
93a52d579e35443f
ed176e51b562453f
ca7269b8748c463f
6886f5dfc4b2473f
b3905f858ed5483f
505608d1baf4493f
2b60f55733104b3f
5e53571de2274c3f
2e3a43500d5e943f
0c320211fc5b943f
a8f763944759943f
c3b9a50df055943f
5b7b31b9f551943f
a73599dc584d943f
265d91c61948943f
5dcaeace3842943f
00078c56b63b943f
8cff69c79234943f
961a8094ce2c943f
d3b5c7396a24943f
c1092f3c661b943f
09758f29c311943f
ae2fa3988107943f
4267fa28a2fc933f
25c5ef8225f1933f
455f9c570ce5933f
5e14cb6057d8933f
5e55eb6007cb933f
b05b03231dbd933f
04cfa17a99ae933f
4ddace437d9f933f
beb1fc62c98f933f
638bf7c47e7f933f
900ad55e9e6e933f
e31fe32d295d933f
d65f9637204b933f
96cf77898438933f
772b12395725933f
c4a6de639911933f
0a27312f4cfd923f
04fd23c870e8923f
671b836308d3923f
a4cdb63d14bd923f
27f1ad9a95a6923f
11b1c7c58d8f923f
f0c6bc11fe77923f
fb4288d8e75f923f
58db4f7b4c47923f
edc64b622d2e923f
3f23aefc8b14923f
04e889c069fa913f
4d6bb92ac8df913f
5576c4bea8c4913f
bdedc5060da9913f
24105193f68c913f
384b56fb6670913f
24aa07dc5f53913f
8ce0bcd8e235913f
5ef1d69af117913f
ee76a3d18df9903f
ac8b3f32b9da903f
99567a7775bb903f
f03eb761c49b903f
e2c6cfb6a77b903f
b910f541215b903f
ea1191d3323a903f
2c732741de18903f
43476cca4aee8f3f
933c2b3e14aa8f3f
4dcab1a51c658f3f
a56b5ad2671f8f3f
a5ee729ef9d88e3f
aec9faecd5918e3f
d9f160a9004a8e3f
653241c77d018e3f
2d0c214251b88d3f
24252c1d7f6e8d3f
7745f0620b248d3f
eaef1825fad88c3f
45932a7c4f8d8c3f
715c3d870f418c3f
3cb1b76b3ef48b3f
47530855e0a68b3f
d4326074f9588b3f
a5f96b008e0a8b3f
414b0d35a2bb8a3f
18c913533a6c8a3f
c1d7f59f5a1c8a3f
882d896507cc893f
6332bbf1447b893f
af304996172a893f
a55e78a883d8883f
abc8cd808d86883f
c11bc67a3934883f
4e588df48be1873f
5175b64e898e873f
7ff1f2eb353b873f
c860ca3096e7863f
7ff35183ae93863f
8dffe34a833f863f
9e93d7ef18eb853f
b71338db7396853f
26e77c769841853f
2640412b8bec843f
5dfafb625097843f
bd9eb786ec41843f
078acafe63ec833f
073e8f32bb96833f
9be51c88f640833f
ae0a00641aeb823f
e985f3282b95823f
57b099372d3f823f
b0d535ee24e9813f
5eef65a81693813f
6eb0dcbe063d813f
d9de1b87f9e6803f
3e092f53f390803f
2b956671f83a803f
be5c26581aca7f3f
1b3d83926b1e7f3f
1719ee14ed727e3f
6554db58a7c77d3f
5eb2a3cda21c7d3f
3289ffd7e7717c3f
34ef82d17ec77b3f
cdf01a08701d7b3f
f8c78bbdc3737a3f
0132f02682ca793f
5adb396cb321793f
30f1b2a75f79783f
21e780e58ed1773f
6f6d2823492a773f
48a6124f9683763f
e5a813487edd753f
e549f2dc0838753f
3e45f1cb3d93743f
83c059c224ef733f
bf34075cc54b733f
98ccf42227a9723f
3833cc8e5107723f
16e175044c66713f
81f3aad51dc6703f
368b8840ce26703f
157c49dec8106f3f
88534aeeced56d3f
233daeb2bc9c6c3f
39f69202a0656b3f
6461d08986306a3f
b6f932c87dfd683f
e9c6b91093cc673f
05cad788d39d663f
daf8b8274c71653f
79e08ab50947643f
2bdcc8ca181f633f
420f8ccf85f9613f
3810dffa5cd6603f
77b42aa4546b5f3f
e5354d50f32e5d3f
d4a11b3aadf75a3f
089f583a99c5583f
fc7561c1cd98563f
38e503d66071543f
5cf55b14684f523f
88f5b9acf832503f
65f220c54e384c3f
e74ed5161116483f
bb6dd51b60ff433f
b9de4283c5e83f3f
993b27287eea373f
b21e1f773404303f
a4e908ed616c203f
3901ccdc4b17e03e
2886c9a0a96f1cbf
c459b996f43e2dbf
6a5b450eb40936bf
7c67834e585a3dbf
756924c3944842bf
0f727807f6d645bf
1aacb511335849bf
fd1542f12fcc4cbf
be1942d4681950bf
63e4f116ffc551bf
4d605c36ce6b53bf
7c441423ca0a55bf
0fbff848e7a256bf
2057928f1a3458bf
cde9665a59be59bf
6cb2448999415bbf
b0798478d1bd5cbf
01de4201f8325ebf
74a7907904a15fbf
db224d5af78360bf
bc346381d73361bf
85d8e5181fe061bf
41c65ec6ca8862bf
861a086ed72d63bf
2befc93242cf63bf
528c3376086d64bf
9e2f70d8270765bf
697837389e9d65bf
3276b9b2693066bf
2e5886a388bf66bf
77d071a4f94a67bf
2d1e728dbbd267bf
f1d17a74cd5668bf
a94b53ad2ed768bf
19f368c9de5369bf
4e3a9d97ddcc69bf
fc6a0f242b426abf
5641e2b7c7b36abf
cd63fdd8b3216bbf
1abaca49f08b6bbf
cda6ef087ef26bbf
db3502515e556cbf
583b3a9892b46cbf
10751e901c106dbf
fbb22d25fe676dbf
930c847e39bc6dbf
7d327cfdd00c6ebf
39e24c3dc7596ebf
f182a2121fa36ebf
7efc348bdbe86ebf
54ca59edff2a6fbf
7d5b92b78f696fbf
afc716a08ea46fbf
19e25c9400dc6fbf
e7dc4ddcf40770bf
36c8a533272070bf
aa285198993670bf
804c066d4e4b70bf
1fabd12e485e70bf
7008cf74896f70bf
d7f2e0ef147f70bf
3da0666aed8c70bf
5b32f0c7159970bf
1068f10491a370bf
4ec2723662ac70bf
2c24c1898cb370bf
97f41b4413b970bf
71c861c2f9bc70bf
e59cbb7843bf70bf
9ba846f2f3bf70bf
4ecbbcd00ebf70bf
2ea31bcc97bc70bf
924f4ab292b870bf
6de8bd6603b370bf
39b21ce2edab70bf
4316e03156a370bf
d966f577409970bf
3d775deab08d70bf
f00fcbd2ab8070bf
3546408e357270bf
36c0aa8c526270bf
dcec7e50075170bf
e437526e583e70bf
2d43748c4a2a70bf
652c8762e21470bf
e6cf2d7249fc6fbf
c4745fd22ccc6fbf
b7aee7b778996fbf
7d5e601437646fbf
3feae0f7712c6fbf
6ec6249033f26ebf
c892b02786b56ebf
04d8f52474766ebf
3f79750908356ebf
0dede0704cf16dbf
8b4b3a104cab6dbf
b944f3b411636dbf
06140b44a8186dbf
587b2bb91acc6cbf
3fe0c425747d6cbf
769529b0bf2c6cbf
3c65a89208da6bbf
bd71a61a5a856bbf
e276b8a7bf2e6bbf
b882bbaa44d66abf
e538eda4f47b6abf
2aad0327db1f6abf
61e944d003c269bf
9f349e4d7a6269bf
0f24bb584a0169bf
1c921cb77f9e68bf
8d842f39263a68bf
851664b949d467bf
d77b441bf66c67bf
25288c4a370467bf
862e3f3a199a66bf
7eefc1e3a72e66bf
341cf145efc165bf
942c3a64fb5365bf
8a4fb445d8e464bf
c5e939f4917464bf
0ab9827b340364bf
54a43ee8cb9063bf
e64d3147641d63bf
527c4ea409a962bf
7262d709c83362bf
a0db787fabbd61bf
56b06a09c04661bf
02e98fa711cf60bf
324c9854ac5660bf
5d1a460a38bb5fbf
757ec54dd9c75ebf
5e43853f54d35dbf
b5971a9ac0dd5cbf
a299290536e75bbf
8ba4b813ccef5abf
14bb86429af759bf
303365f6b7fe58bf
1bcc947a3c0558bf
a63326ff3e0b57bf
37345e97d61056bf
e5901d381a1655bf
a5b44cb6201b54bf
4d5a4bc5002053bf
713664f5d02452bf
35c844b2a72951bf
6c7479419b2e50bf
1fdcdb8183674ebf
8245e44a62724cbf
bf588772fe7d4abf
e4d63735838a48bf
81d585741b9846bf
0e284eb4f1a644bf
abaaf31730b742bf
fdafa25f00c940bf
fa383dcb17b93dbf
15dc3337f7e339bf
2edd3110f01236bf
6f1abe87524632bf
35059ddddbfc2cbf
16c59d61217725bf
2ec2f83a21f81bbf
b42916d30a310abf
66319d9a23f6da3e
4dba6d196b5e103f
4941ca946ef31e3f
6d386108a5b6263f
e846d4846fe52d3f
2aa604c9c482323f
13fd5a0f340b363f
fea7081fc18b393f
0010dc9728043d3f
27abd719143a403f
dcb11365bfed413f
489f2c2af69c433f
f2a62af89847453f
a4224cf288ed463f
06e7b0d1a78e483f
ad34f8e6d72a4a3f
d157d11bfcc14b3f
14cf7ef4f7534d3f
84de4b91afe04e3f
0849fad70334503f
0c0b80d6f2f4503f
f4a286c217b3513f
9fbe08eb656e523f
a0c944f0d026533f
76704ec44cdc533f
583899abcd8e543f
9e0e7c3d483e553f
d0dead64b1ea553f
a723bb5ffe93563f
8a6974c1243a573f
afcc55711add573f
3169e7abd57c583f
99b616034d19593f
dddc885e77b2593f
91efe5fb4b485a3f
561f1d6fc2da5a3f
e4daa1a2d2695b3f
f2dca1d774f55b3f
643234a6a17d5c3f
bf3581fd51025d3f
737ee3237f835d3f
53d001b722015e3f
080be2ab367b5e3f
8018f54eb5f15e3f
03ec1b4499645f3f
df88a586ddd35f3f
4f11a3b4be1f603f
5dac034bba53603f
70c81887df85603f
f13f17952cb6603f
4772b2cc9fe4603f
30bd06b13711613f
309b80f0f23b613f
3866c064d064613f
c4c87a12cf8b613f
1de05529eeb0613f
cc14c3032dd4613f
aab1d5268bf5613f
d93d16420815623f
949f522fa432623f
36106bf25e4e623f
4ee71bb93868623f
eb42c4da3180623f
b69629d84a96623f
be26385b84aa623f
ec77c036dfbc623f
05bd31665ccd623f
0748510dfddb623f
7209ef77c2e8623f
76259719aef3623f
4fa7408dc1fc623f
3b5df994fe03633f
cbe48e196709633f
0af2342afd0c633f
b1da28fcc20e633f
1d6f52eaba0e633f
642be274e70c633f
5dcaec404b09633f
51450418e903633f
a44acee7c3fc623f
213698c1def3623f
5896e8d93ce9623f
27490e88e1dc623f
d13bad45d0ce623f
06d948ae0cbf623f
b830cc7e9aad623f
f9e50f957d9a623f
dced5defb985623f
712bf3ab536f623f
0ff67e084f57623f
9b94a061b03d623f
bdba62327c22623f
cf15b513b705623f
40f3e3bb65e7613f
b7100efe8cc7613f
b49f98c931a6613f
f38aa1295983613f
bc0b7044085f613f
e499e35a4439613f
1945e1c71212613f
e685bfff78e9603f
a890b08f7cbf603f
263c2b1d2394603f
838552657267603f
0cc15b3c7039603f
ad86f38c220a603f
83ca42af1eb35f3f
5cd75464794f5f3f
282fe58d61e95e3f
a068baa8e3805e3f
0f7358580c165e3f
7e73bd65e8a85d3f
5bd31cbe84395d3f
55a99871eec75c3f
868ef9b132545c3f
a6ff64d15ede5b3f
446b124180665b3f
3101ff8fa4ec5a3f
f462a069d9705a3f
6e5796942cf3593f
ec905bf1ab73593f
63b1f57865f2583f
9d9ca43b676f583f
1b39915fbfea573f
9dc17b1f7c64573f
5bb969c9abdc563f
63a353bd5c53563f
af9fd26b9dc8553f
67fecd547c3c553f
2feb280608af543f
9b51701a4f20543f
4e0889376090533f
13705e0d4aff523f
279391541b6d523f
a7e628cde2d9513f
34ce403daf45513f
54f2bc6f8fb0503f
718afa32921a503f
1e7307af8c074f3f
951c885d75d84d3f
548c7c13fca74c3f
7ce7866f3e764b3f
6e26570a5a434a3f
83721f746c0f493f
bbcc0b3293da473f
063ebdbbeba4463f
76ccc878936e453f
f0523abea737443f
43771bcc4500433f
86fbfeca8ac8413f
157e90c99390403f
b6f55174fbb03e3f
9940d0e0ca403c3f
4565a53dcfd0393f
aa6ceca84161373f
2df623f55af2343f
4e7a8ba45384323f
842d8ce46317303f
1c575b1287572b3f
82b82d115483263f
b5f536ed9cb2213f
6e6859019ecb193f
7700449fad3a103f
58e88afbffccfa3e
6538d81bab4ee6be
314a4ed57d7708bf
210a17e9aaa115bf
4ff32ab1c9fa1ebf
13619cd2262324bf
c111ada3b5c128bf
12e27da4ac582dbf
585d8b26d4f330bf
84752c1e233733bf
ea01b39f127635bf
4dcc72ac72b037bf
869a14e413e639bf
3af21688c7163cbf
7e933d7f5f423ebf
a5ab772c573440bf
c01341a8c34441bf
54863a285f5242bf
28eecbfa135d43bf
ba4310c9cc6444bf
33e25698746945bf
f2669bcbf66a46bf
6c18f4243f6947bf
6bb2f6c6396448bf
5a8d724b9f1b92bf
db1cbd15481a92bf
9befaca15f1892bf
f5637314e61592bf
943c6e9bdb1292bf
d5ef236c400f92bf
356b3fc4140b92bf
394b8be9580692bf
5d88ec290d0192bf
37995cdb31fb91bf
5e0ae35bc7f491bf
d68c8e11ceed91bf
097b6d6a46e691bf
96d585dc30de91bf
f1b7cce58dd591bf
bd451d0c5ecc91bf
f0112fdda1c291bf
e5ff8bee59b891bf
599f85dd86ad91bf
ab042a4f29a291bf
591d38f0419691bf
19821375d18991bf
e5c7b799d87c91bf
c34fab21586f91bf
d497f1d7506191bf
5a0dfd8ec35291bf
5a61a020b14391bf
6861ff6d1a3491bf
e3547f5f002491bf
1ae0b6e4631391bf
666f5df4450291bf
c5293a8ca7f090bf
356e12b189de90bf
86db976eedcb90bf
98e455d7d3b890bf
07f39e043ea590bf
7a1879162d9190bf
8d508a33a27c90bf
a55504899e6790bf
ad08904a235290bf
fb6d38b2313c90bf
dd415500cb2590bf
2124757bf00e90bf
e5bd8ee046ef8fbf
e2900a63cabf8fbf
0a83b62f6e8f8fbf
1ca9a203355e8fbf
f7e766a7212c8fbf
98b6f2ee36f98ebf
bb2a5cb977c58ebf
764eaef0e6908ebf
d6c8b689875b8ebf
d0d7d2835c258ebf
83a1bbe868ee8dbf
5ae251ccafb68dbf
49f8684c347e8dbf
b3509190f9448dbf
193fe2c9020b8dbf
703cc33253d08cbf
2595b40eee948cbf
2a8c17aad6588cbf
68f1f559101c8cbf
a136c97b9ede8bbf
0401417584a08bbf
1b3e09b4c5618bbf
6bc28fad65228bbf
8671c9de67e28abf
5ef6f6cbcfa18abf
30126900a1608abf
8980440edf1e8abf
197c458e8ddc89bf
58e2821fb09989bf
0bfd30674a5689bf
71f86310601289bf
b105d2cbf4cd88bf
9a30954f0c8988bf
56efec56aa4388bf
ff6bffa1d2fd87bf
c68e9af588b787bf
2ed0f41ad17087bf
dbd06ddfae2987bf
e0c34e1426e286bf
30a98a8e3a9a86bf
7e5f7e26f05186bf
b994b0b74a0986bf
9f9491204ec085bf
80fc3a42fe7685bf
695b2f005f2d85bf
33be194074e384bf
772e8de9419984bf
182cc4e5cb4e84bf
9a1e601f160484bf
98cb288224b983bf
c0cfcbfafa6d83bf
9c219c769d2283bf
9fa551e30fd782bf
97d2c82e568b82bf
9d6dc246743f82bf
4c65a3186ef381bf
05c9349147a781bf
f5e9639c045b81bf
b8a20225a90e81bf
1dcd871439c280bf
41edcf52b87580bf
f810dec52a2980bf
4ad539a328b97fbf
4a5d40aff11f7fbf
4564cc6db8867ebf
41a5339784ed7dbf
775aa9dd5d547dbf
4645c3ec4bbb7cbf
186aff6856227cbf
4e794aef84897bbf
37f48614dff07abf
311b15656c587abf
e1a25b6434c079bf
c93d518c3e2879bf
b908074d929078bf
b1d2330c37f977bf
9e5ac024346277bf
987b54e690cb76bf
9155e594543576bf
857f4468869f75bf
fd3fb08b2d0a75bf
16d9641d517574bf
7ff42e2ef8e073bf
862cffc0294d73bf
8dbe7ecaecb972bf
0474a530482772bf
74ba50ca429571bf
1f03dc5ee30371bf
3162baa5307370bf
c7f5228c62c66fbf
f786abacd7a76ebf
263cd0b7cd8a6dbf
48a36995516f6cbf
e6dca70970556bbf
0b3556b4353d6abf
86a12110af2669bf
683de271e81168bf
9bb1e707eefe66bf
fdb648d9cbed65bf
3ba235c58dde64bf
360f4e823fd163bf
91c0f99decc562bf
8caac47ba0bc61bf
213dbe5466b560bf
2604b86d92605fbf
2cfdbe08a85a5dbf
a9017fe622595bbf
51932919185c59bf
9e4914589c6357bf
ab04a0fec36f55bf
b10d270ba38053bf
f248f21d4d9651bf
d6326bf0aa614fbf
1bc626f69da04bbf
74974e4d98e947bf
fbb73032be3c44bf
f7bb641b339a40bf
69fe1a7033043abf
a75853dc27e932bf
9f0fcd630bc727bf
50d6723a36ce13bf
45c323b71868fe3e
9c3b8971d454213f
2eec6b6ee1af2e3f
529ea7e8daee353f
7a118a55f06e3c3f
67b8a317fd6b413f
637047a9e194443f
9c34c0240cb2473f
b4dadca663c34a3f
efb12125d0c84d3f
4ca657371d61503f
24ce8c16c6d7513f
5e9d97f25748533f
4b5fd87bc8b2543f
b42ffcd00d17563f
bac6487f1e75573f
0962e082f1cc583f
80bbfd467e1e5a3f
630128a6bc695b3f
a9e95eeaa4ae5c3f
f4d33ecd2fed5d3f
38f01c7856255f3f
f8c50d42892b603f
53311bfd2ec1603f
9c8aa3a99953613f
20df00bcc6e2613f
62cf74e0b36e623f
9ffe1efb5ef7623f
d598ef27c67c633f
e2ed95bae7fe633f
1a2f6b3ec27d643f
b14d597654f9643f
73f9bd5c9d71653f
7bd049239ce6653f
99b5db325058663f
e25e582bb9c6663f
c41b7ee3d631673f
34d5b468a999673f
d654dafe30fe673f
5ad50a206e5f683f
bdde657c61bd683f
2c7ccff90b18693f
62ceadb36e6f693f
62fea2fa8ac3693f
62a0435462146a3f
5684c97af6616a3f
1004c35c49ac6a3f
d2d3be1c5df36a3f
ad5af41034376b3f
22a1e8c2d0776b3f
5adb0fef35b56b3f
e4956b8466ef6b3f
939425a465266c3f
526527a1365a6c3f
e0b6aeffdc8a6c3f
bb7ade745cb86c3f
d2da4ce6b8e26c3f
d8108e69f6096d3f
f427bc43192e6d3f
3bb2fbe8254f6d3f
f97ffdfb206d6d3f
31627d4d0f886d3f
e202bedbf59f6d3f
65e101d2d9b46d3f
977b0188c0c66d3f
4bb25e81afd56d3f
ce73156dace16d3f
f8b8e924bdea6d3f
dae1d2ace7f06d3f
6e7e643232f46d3f
d88f340ca3f46d3f
dd4f3fb940f26d3f
448b48e011ed6d3f
cd9c3a4f1de56d3f
ce1583fa69da6d3f
d3226dfcfecc6d3f
4ab97994e3bc6d3f
679cb5261faa6d3f
db470d3bb9946d3f
c1cd9e7cb97c6d3f
0bb609b927626d3f
60efbcdf0b456d3f
47dd42016e256d3f
65958b4e56036d3f
02583518cdde6c3f
8653d3cddab76c3f
53c332fd878e6c3f
bd769e51dd626c3f
f0cf2093e3346c3f
284cc4a5a3046c3f
44a1d28826d26b3f
45811256759d6b3f
c315044199666b3f
603d1c969b2d6b3f
40a1feb985f26a3f
c0acb62861b56a3f
2279ef7437766a3f
55bf2a4712356a3f
f8daf65cfbf1693f
ccf02388fcac693f
f34af8ad1f66693f
16f463c66e1d693f
b8a933dbf3d2683f
6f2e4307b986683f
d30eaf75c838683f
a0eb05612ce9673f
a2537912ef97673f
0c400ee11a45673f
c345cd30baf0663f
3a86f271d79a663f
da711d207d43663f
067080c1b5ea653f
557310e68b90653f
8094b4260a35653f
09bb75243bd8643f
7066ae87297a643f
77ab3affdf1a643f
d16da83f69ba633f
afe96702d058633f
e89ffc041ff6623f
0cab2e086192623f
00983ccfa02d623f
afc70d1fe9c7613f
2d6d65bd4461613f
893a1670bef9603f
94c436fc6091603f
f3af56253728603f
58736959977c5f3f
5d46eba052a75e3f
3c27b895b5d05d3f
570203a3d5f85c3f
6d4d2029c81f5c3f
f03ffc7ba2455b3f
4d6193e1796a5a3f
e08f6d90638e593f
b4a51bae74b1583f
f7c5b74dc2d3573f
6076686e61f5563f
f2a8e6f96616563f
92b906c3e736553f
94954484f856543f
341053dead76533f
ca86ae561c96523f
e5f6325658b5513f
028eb52776d4503f
4aaa43ed13e74f3f
a82e359b4f254e3f
a4183d2ac7634c3f
72cc6124a2a24a3f
66c50bca07e2483f
c8c1660f1f22473f
8b58cb990e63453f
88fb30bdfca4433f
5aa1a8790fe8413f
bb52e0786c2c403f
a24c5f1772e43c3f
07c45a4f3473393f
7cf99cc96805363f
990c1df6579b323f
11b48600936a2e3f
c764c29408a7273f
1f5778d29cec203f
bf0cb77eb477143f
48a673a54daafc3e
c5495e496d34f8be
a0f7e8e54c2e13bf
781bac06fd1b20bf
5455828f8f9426bf
47829a0d5e002dbf
605bd22e75af31bf
451f2520dcd734bf
b7d7b6b026f937bf
7ef39eaf18133bbf
20ab8de876253ebf
0ce89393039840bf
16bf251d481942bf
24b09efb6c9643bf
9c4b5f9e560f45bf
9c7c05fbe98346bf
8ab2df8e0cf447bf
ff275460a45f49bf
39053c0098c64abf
1a75328bce284cbf
af8ad7aa2f864dbf
86dd0697a3de4ebf
8af3808b091950bf
a60347c133c050bf
490b8361c56451bf
dbcd2faab30652bf
0bba1123f4a552bf
9c022d9e7c4253bf
2b71353843dc53bf
5feaf7583e7354bf
9baabdb3640755bf
1834a947ad9855bf
6fe60c600f2756bf
ed48bb9482b256bf
f70051cafe3a57bf
b66e78327cc057bf
e8fd264cf34258bf
c71ad4e35cc258bf
44d9a913b23e59bf
2a4baf43ecb759bf
f181ec29052e5abf
a44888caf6a05abf
3793df77bb105bbf
fea296d24d7d5bbf
64efa3c9a8e65bbf
70c9549ac74c5cbf
0acb4bd0a5af5cbf
731179453f0f5dbf
b6460c22906b5dbf
c98660dc94c45dbf
9823e2384a1a5ebf
7f4cee49ad6c5ebf
c2a6ac6fbbbb5ebf
94dce25772075fbf
d627c2fdcf4f5fbf
a3e9aea9d2945fbf
1f4f02f178d65fbf
760ae3da600a60bf
52383513d62760bf
a514bbde9b4360bf
2d779820b25d60bf
7bfba3e1187660bf
b5793650d08c60bf
f7b0f7bfd8a160bf
7528a8a932b560bf
a44de8aadec660bf
20d8fc85ddd660bf
4a78902130e560bf
afd97288d7f160bf
ecff54e9d4fc60bf
5b058396290661bf
7e449b05d70d61bf
79f342cfde1361bf
cf39d8ae421861bf
6dc92182041b61bf
e802fc48261c61bf
44ae0325aa1b61bf
ed503e59921961bf
092ac049e11561bf
8ede4f7b991061bf
44de0793bd0961bf
c98bf555500161bf
c130b6a854f760bf
66c8118fcdeb60bf
d1aa932bbede60bf
4e2221bf29d060bf
31f68da813c060bf
abf42e647fae60bf
70866a8b709b60bf
b85747d4ea8660bf
2920f910f27060bf
36956b2f8a5960bf
e792cb38b74060bf
17840e517d2660bf
3e1878b6e00a60bf
519f3c82cbdb5fbf
67d5d7c4219f5fbf
40914249cd5f5fbf
787fa754d71d5fbf
04f7d65b49d95ebf
13dc3f022d925ebf
f4bbe5188c485ebf
583d549d70fc5dbf
47ff8fb8e4ad5dbf
49f804bef25c5dbf
2577722aa5095dbf
ead5d4a206b45cbf
8ffb4cf3215c5cbf
6cc7050e02025cbf
e079170ab2a55bbf
fe3569223d475bbf
77b890b4aee65abf
fc56b03f12845abf
bc635363731f5abf
db1249deddb859bf
24f17d8d5d5059bf
4811d46afee558bf
4bfff98bcc7958bf
0d974021d40b58bf
86db6f74219c57bf
e1e09ae7c02a57bf
e3e5f2f3beb756bf
5bbb9928284356bf
5887732909cd55bf
2d0bf8ad6e5555bf
ce7a038065dc54bf
5202a77afa6154bf
4518f9883ae653bf
9eace5a4326953bf
9352fed5efea52bf
01824a307f6b52bf
2b0118d3edea51bf
db93cbe7486951bf
b80db2a09de650bf
65d4d137f96250bf
fff079dbd1bc4fbf
aae3c710f4b14ebf
c037d2a373a54dbf
a21fea2e6b974cbf
3bd51750f5874bbf
db36c7a62c774abf
01b176d12b6549bf
e686686b0d5248bf
02cb560aec3d47bf
301a2a3ce22846bf
e451b3840a1345bf
847b685b7ffc43bf
fe0125295be542bf
df6ded45b8cd41bf
05dab6f6b0b540bf
e97664d6be3a3fbf
68623777bb093dbf
1d241ccd8bd83abf
4491b59d63a738bf
d48ecc72767636bf
9a461296f74534bf
ff15ec0c1a1632bf
4d25932821ce2fbf
a6b009391b722bbf
c7f49a8a861827bf
c5003db3c6c122bf
ea19fe2e7ddc1cbf
661c46c5a03c14bf
37603bfb754907bf
33b557d568ace8be
4e053307a5c0f53e
c19edb4b54d70b3f
07359b5e395c163f
006616861cc11e3f
7ab73489cd8c233f
d10bcd317fb2273f
2f5ed2e848d12b3f
11551f5dd1e82f3f
6383972360fc313f
ced6e1375f00343f
0fb937db3a00363f
825eff8bc8fb373f
2df2615adef2393f
e4d161eb52e53b3f
48eae07bfdd23d3f
371f97e3b5bb3f3f
f341fc4baacf403f
d68a8557d9be413f
520116f154ab423f
680862480a95433f
6b9575e1e67b443f
b26afd95d85f453f
e0a88796cd40463f
2f06a9fdbd4b903f
392ce11e734a903f
1c87b58aa548903f
ef94ff625546903f
054cf4d08243903f
dbd020052e40903f
f9ad6637573c903f
598ef7a6fe37903f
657a509a2433903f
f397345fc92d903f
0e6ea74aed27903f
6dace6b89021903f
6f77630db41a903f
4a39bbb25713903f
60f8af1a7c0b903f
2d3420be2103903f
4c91fc3992f48f3f
16b28e7ce5e18f3f
4d86f35f3ece8f3f
5436160e9eb98f3f
3362bbbe05a48f3f
31426bb7768d8f3f
b2dc5a4bf2758f3f
b85554db795d8f3f
8a579ed50e448f3f
4197e2b5b2298f3f
1d781305670e8f3f
e2cd50592df28e3f
ffc0cb5507d58e3f
b9d7a9aaf6b68e3f
bc24e714fd978e3f
c99d375e1c788e3f
ab9ee75c56578e3f
3a97bbf3ac358e3f
d5eace1122138e3f
a40072b2b7ef8d3f
458807dd6fcb8d3f
ecf6e0a44ca68d3f
f33c1a2950808d3f
f8b774947c598d3f
9165311dd4318d3f
e155ea0459098d3f
4d656b980de08c3f
823c8a2ff4b58c3f
269bfd2c0f8b8c3f
dbf133fe605f8c3f
9c4b291bec328c3f
038b3c06b3058c3f
3200044cb8d78b3f
9c572183fea88b3f
22e6144c88798b3f
1858105158498b3f
85c1c84571188b3f
de1848e7d5e68a3f
c51abefb88b48a3f
429c50528d818a3f
a750ebc2e54d8a3f
2c030f2e95198a3f
8d49a07c9ee4893f
13b5b59f04af893f
3b826590ca78893f
27cc924ff341893f
e249bae5810a893f
e593be6279d2883f
01fcb3dddc99883f
19f6ab74af60883f
a517804cf426883f
ddb39c90aeec873f
7714cb72e1b1873f
c754fb2a9076873f
93e50df7bd3a873f
bcb79c1a6efe863f
b218c4dea3c1863f
de3eeb916284863f
4c8c8c87ad46863f
ca8dfd178808863f
53b636a0f5c9853f
bfdc9a81f98a853f
4082be21974b853f
2fe12eead10b853f
89ca3848adcb843f
a758afac2c8b843f
2775b28b534a843f
8b3d755c2509843f
91440499a5c7833f
aab60bbed785833f
50689d4abf43833f
7fcdf6bf5f01833f
e4e046a1bcbe823f
8b017473d97b823f
8cc4e1bcb938823f
cec6360561f5813f
6f7c22d5d2b1813f
860423b6126e813f
d6074b32242a813f
baa107d40ae6803f
d359e625caa1803f
fd345bb2655d803f
c0dc8603e118803f
aec7f9457fa87f3f
f35c14330a1f7f3f
6cf7f6dd69957e3f
2f38c853a50b7e3f
95a5c99ec3817d3f
c5cfe5c5cbf77c3f
c9e43eccc46d7c3f
dab1bdb0b5e37b3f
f71ea16da5597b3f
76310ef89acf7a3f
7b93a03f9d457a3f
1eadfb2db3bb793f
2e5c5ca6e331793f
d4442b8535a8783f
f4d28f9faf1e783f
efe503c35895773f
4a34e8b4370c773f
d07219325383763f
503d86eeb1fa753f
e1ccc5945a72753f
3c88afc553ea743f
0568f317a462743f
0f46b31752db733f
36111d466454733f
32f20519e1cd723f
cb6c86face47723f
da7a974834c2713f
6bacb054173d713f
415867637eb8703f
13da0eac6f34703f
64d2b3b0e2616f3f
2327fa07135c6e3f
5daca4787c576d3f
f5d0fbff2a546c3f
8968287d2a526b3f
660982b086516a3f
a3eedf3a4b52693f
8256ec9c8354683f
8a727a363b58673f
8afdde457d5d663f
396a4be75464653f
2fd22b14cd6c643f
df9787a2f076633f
93ce6444ca82623f
447c2e876490613f
d1ac1dd3c99f603f
99d24ad508625f3f
c64ac3d33c885d3f
3e34128c43b25b3f
6e41c49930e0593f
133c75481712583f
f6e1c5920a48563f
bc0d58211d82543f
b10ed14961c0523f
e050e20de902513f
c9e8b0348c934e3f
3184618c132a4b3f
3e386a238ac9473f
25103d4b1172443f
b46a7ca4c923413f
e2fcb43aa6bd3b3f
cb2b0ce09946353f
fe03938456c52d3f
2ea76af92b24213f
6a92fecda1a8023f
ad3cc77d0aa10ebf
75210ebea6d223bf
b5ef5f5898d42fbf
a104536ad7d635bf
1a92f449c2ae3bbf
8c9096bdedb840bf
1d09de97f98f43bf
89327f8e6d5c46bf
eb94e43e331e49bf
2bb0130a35d54bbf
34cb7d155e814ebf
3941e1254d9150bf
d4fab12e6bdc51bf
e960b6e0ff2153bf
bbd3035b026254bf
7a6184206a9c55bf
214934182fd156bf
0b3e588d490058bf
ad8bac2fb22959bf
cc0b8d13624d5abf
a3e715b2526b5bbf
28393de97d835cbf
0b84e5fbdd955dbf
bbfee8916da25ebf
fcc81db827a95fbf
d47929f0035560bf
5c3ca3f084d260bf
420e4afb144d61bf
cd9a4e60b2c461bf
39b934a25b3962bf
b34cc0750fab62bf
47a1dec1cc1963bf
52518c9f928563bf
47b3b75960ee63bf
89cf1f6d355464bf
80ed2f8811b764bf
f3afd78af41665bf
b7cf5f86de7365bf
cf753bbdcfcd65bf
de36d6a2c82466bf
7dbc5edbc97866bf
931e8e3bd4c966bf
bdef6bc8e81767bf
250b0fb7086367bf
ff205b6c35ab67bf
e00fbb7c70f067bf
080fd8abbb3268bf
6bae4dec187268bf
deb85a5f8aae68bf
70fd8e5412e868bf
f0057649b31e69bf
edc63ee96f5269bf
2f4f600c4b8369bf
8a7d3bb847b169bf
76cab91e69dc69bf
d028e99db2046abf
7c0b95bf272a6abf
3e97dc38cc4c6abf
3209c6e9a36c6abf
605ecfdcb2896abf
ae447c46fda36abf
715ee18487bb6abf
2de52c1f56d06abf
79b42cc56de26abf
49c7d14ed3f16abf
3334b1bb8bfe6abf
8ab182329c086bbf
36ae9c000a106bbf
99096e99da146bbf
0d76f59513176bbf
1a9236b4ba166bbf
92c3acd6d5136bbf
d9e0bb036b0e6bbf
30b41e6580066bbf
676553471cfc6abf
22d6051945ef6abf
f0fc776a01e06abf
7d4ce8ec57ce6abf
c532f6714fba6abf
2ebd04ebeea36abf
736f9b683d8b6abf
1459c51942706abf
c6766e4b04536abf
966ebf678b336abf
26b177f5de116abf
f410469706ee69bf
4dda1f0b0ac869bf
757a9629f19f69bf
40c52be5c37569bf
58e4a4498a4969bf
ddfe5b7b4c1b69bf
8fa990b612eb68bf
c928b74ee5b868bf
c297c6adcc8468bf
befe8553d14e68bf
bf67d8d4fb1668bf
330208db54dd67bf
da5f1023e5a167bf
06dbe77cb56467bf
a936c8cace2567bf
2a8276003ae566bf
bb518a2200a366bf
995bb4452a5f66bf
cb82048ec11966bf
fa642f2ecfd265bf
9c73d3665c8a65bf
0ea9bd85724065bf
0eeb2de51af564bf
4c231beb5ea864bf
711f7708485a64bf
b14972b8df0a64bf
ab40bf7f2fba63bf
6b66d6eb406863bf
8d6c39921d1563bf
44efb60fcfc062bf
3630ae075f6b62bf
77f95223d71462bf
cfb9f11041bd61bf
2ceb3383a66461bf
86cb6430110b61bf
b678b6d18ab060bf
0e8187221d5560bf
31db51bfa3f15fbf
6dbc498d65375fbf
66790b2a937b5ebf
132f3c0f40be5dbf
fe6aa2b37fff5cbf
c6d1b889653f5cbf
646542fe047e5bbf
b68de07671bb5abf
e4eeaa50bef759bf
e22ec9defe3259bf
26cc0e69466d58bf
ab0a992aa8a657bf
72296f5037df56bf
d6e424f8061756bf
4b677f2e2a4e55bf
e4c71ceeb38454bf
1c211e1eb7ba53bf
fc5ed49046f052bf
72e46f02752552bf
950bb317555a51bf
1cb0a75cf98e50bf
578eaf86e8864fbf
4c461245b0ef4dbf
0702f9686e584cbf
e3cd5f2b47c14abf
59e348875e2a49bf
d3584f37d89347bf
3bf640b3d7fd45bf
ef63bf2d806844bf
22f0e891f4d342bf
08e70881574041bf
78b39fa0965b3fbf
ac9d270de4383cbf
da2b31b4da1839bf
75dfc05cbdfb35bf
03270a24cee132bf
381465f29c962fbf
2bb04c32fe7029bf
c6a8fd14405323bf
7cf8e965c27b1abf
f03c3ba07ac50cbf
dfe9ffbb40e3e2be
66ff2a5a922c033f
7437d08d6574153f
a81b47a87f9e203f
341b9dff9577263f
11cfec3a02452c3f
87d6123c2903313f
fc8aed458bdd333f
ffb5e90370b1363f
7502b720a17e393f
5817f02be9443c3f
a953249d13043f3f
cd42666bf6dd403f
434f95142136423f
d0138aea708a433f
0f995387cdda443f
3cf1f4ff1e27463f
1613aae54d6f473f
18d8214743b3483f
1a03adb1e8f2493f
c2346232282e4b3f
71d53657ec644c3f
69de0c3020974d3f
4b69b54fafc44e3f
0b12e8cc85ed4f3f
988a9721c888503f
d50ae4e95d18513f
d5cf3c137ba5513f
a59e2eb51630523f
1e1a4f2b28b8523f
106d9615a73d533f
0239b3588bc0533f
3ed1581ecd40543f
f9bb87d564be543f
9973d0324b39553f
2f71903079b1553f
587b290fe826563f
0e3533559199563f
48f9a6cf6e09573f
7ff605927a76573f
7c9779f6aee0573f
ef36ee9d0648583f
a31c28707cac583f
62cfd29b0b0e593f
4fba8a96af6c593f
ff26e11c64c8593f
76995a3225215a3f
03886721ef765a3f
7f7d577bbec95a3f
6ea7461890195b3f
e3d3051761665b3f
78ebfcdc2eb05b3f
cbea0716f7f65b3f
30614eb4b73a5c3f
028115f06e7b5c3f
6ac78c471bb95c3f
b541957ebbf35c3f
897f839e4e2b5d3f
3e34dcf5d35f5d3f
f6960b184b915d3f
4c8917ddb3bf5d3f
a38d4c610eeb5d3f
a49be5045b135e3f
43dcae6b9a385e3f
e557a37ccd5a5e3f
68a68561f5795e3f
3ca9738613965e3f
0460759929af5e3f
54e3068a39c55e3f
7c929d8845d85e3f
2384280650e85e3f
b7468cb35bf55e3f
2aff19816bff5e3f
e0f5019e82065f3f
6ca0c177a40a5f3f
8d378db9d40b5f3f
ebe9b44b170a5f3f
48bb055370055f3f
ea202630e4fd5e3f
cc6bee7e77f35e3f
3212bd152fe65e3f
5fe9c60410d65e3f
4e6163951fc35e3f
f8d4544963ad5e3f
57000ddae0945e3f
e2aeed379e795e3f
84b68589a15b5e3f
4c4fca2af13a5e3f
60de4cac93175e3f
b7446dd28ff15d3f
66c68894ecc85d3f
c19f251cb19d5d3f
a1591bc4e46f5d3f
b9f2b7178f3f5d3f
aff3e1d1b70c5d3f
e37e37dc66d75c3f
c1752a4ea49f5c3f
1bc4196c78655c3f
c9e867a6eb285c3f
77d28e9806ea5b3f
fe223108d2a85b3f
06f028e456655b3f
8f1994439e1f5b3f
2f48de64b1d75a3f
01aac8ac998d5a3f
19896fa560415a3f
2fc94dfd0ff3593f
8c6c3e86b1a2593f
fd2e7c344f50593f
2f509f1df3fb583f
a6a79977a7a5583f
a612b197764d583f
085678f16af3573f
718ec6158f97573f
ca3cadb1ed39573f
71116d8d91da563f
a182698b8579563f
984a1ba7d416563f
6ae601f489b2553f
bc26949cb04c553f
5aec2fe153e5543f
912b09177f7c543f
924618a73d12543f
a2d8070d9ba6533f
3c0e22d6a239533f
39963da060cb523f
954faa18e05b523f
c7c01dfb2ceb513f
c2729f105379513f
704b752e5e06513f
baf50f355a92503f
8172f70e531d503f
f1d96f5fa94e4f3f
d9bb9d25d6604e3f
8c44317544714d3f
0a1e7d5e0c804c3f
d83c4bfb458d4b3f
c19fbb6c09994a3f
6e9024d96ea3493f
d29af4698eac483f
986b964980b4473f
62b456a15cbb463f
2e454c973bc1453f
4591424c35c6443f
c3b1a6d961ca433f
a82b774fd9cd423f
888b36b2b3d0413f
8b09e1f808d3403f
10ceca15e2a93f3f
8a3c427c07ad3d3f
9d22c0a9b1af3b3f
77dbbff70fb2393f
57acae9051b4373f
6b07026ca5b6353f
021e564a3ab9333f
7ada94b13ebc313f
94984bd2c17f2f3f
2d334eec9d882b3f
a8ac5f2f6d93273f
fa3338868aa0233f
cbd98b81a0601f3f
cba1da193086173f
35c97abdeb640f3f
385708e48998ff3e
ed5f0b7391f2a03e
6a7beb965166febe
1e6913da3b970ebf
e399a7d68cf316bf
e3d7f12ab8901ebf
01550a523c1123bf
1cee755d14d426bf
ae6cd85992902abf
fa783a5565462ebf
f7afd9a79efa30bf
759fb8a065ce32bf
abe75290609e34bf
dbe4abf3686a36bf
78278ccc583238bf
b4ed4da40af639bf
51519b8e59b53bbf
26e71d2c21703dbf
a4981fad3d263fbf
4c570eeac56b40bf
505a237cf44141bf
991afc83991542bf
5d898c45a4e642bf
1fa6b95204b543bf
d9117c8ca98044bf
30f2610f63a08dbf
70d331e4d99d8dbf
6acb8619639a8dbf
693552eefe958dbf
a205e6aead908dbf
c1cbeeb46f8a8dbf
aed06c6745838dbf
7a4fac3a2f7b8dbf
7eca3cb02d728dbf
5e7de75641688dbf
75eca4ca6a5d8dbf
819291b4aa518dbf
fcade1ca01458dbf
3c2ed4d070378dbf
d8c1a496f8288dbf
d9077df999198dbf
7fe364e355098dbf
a8f5314b2df88cbf
6d3b763421e68cbf
0ed46daf32d38cbf
14f0ebd862bf8cbf
eee946dab2aa8cbf
278a43e923958cbf
9179ff47b77e8cbf
fce0da446e678cbf
c63a613a4a4f8cbf
ba55318f4c368cbf
fb8be4b5761c8cbf
b830f52cca018cbf
e134a47e48e68bbf
8f05de40f3c98bbf
50a71e15ccac8bbf
5f0e55a8d48e8bbf
eeb6c5b20e708bbf
e080ecf77b508bbf
3ace5d461e308bbf
42eaa677f70e8bbf
7fb82d7009ed8abf
5faf0f1f56ca8abf
f621007edfa68abf
2cd92591a7828abf
edfff766b05d8abf
71661a18fc378abf
b71b39c78c118abf
3464e3a064ea89bf
c50c66db85c289bf
261ea5b6f29989bf
30f5f47bad7089bf
eabff27db84689bf
b7635c18161c89bf
1bd1e7afc8f088bf
0ec519b2d2c488bf
7ffc1b95369888bf
afde92d7f66a88bf
3b9d7200163d88bf
46d2d39e960e88bf
789bc7497bdf87bf
c5362ba0c6af87bf
01267b487b7f87bf
12d9a5f09b4e87bf
e8e3dd4d2b1d87bf
42c56b1c2ceb86bf
0d3d7f1fa1b886bf
6d3b00218d8586bf
0e675ff1f25186bf
17406667d51d86bf
1be5066037e985bf
f2792bbe1bb485bf
9635856a857e85bf
d11c5b53774885bf
3369586cf41185bf
0aa25aaeffda84bf
f56c3f179ca384bf
6114b2a9cc6b84bf
2dcef86c943384bf
75c0c16cf6fa83bf
a0caefb8f5c183bf
32186765958883bf
2d7dd989d84e83bf
b6a19241c21483bf
bd0244ab55da82bf
60c7d0e8959f82bf
af70191f866482bf
116ac775292982bf
1978181783ed81bf
9e10aa2f96b181bf
119a44ee657581bf
f797a683f53881bf
b4ca4f2248fc80bf
fd414cfe60bf80bf
db67ff4c438280bf
7f0aef44f24480bf
96628e1d710780bf
4742121e86937fbf
3c051da4d6177fbf
e5da383fda9b7ebf
b7439561971f7ebf
e2f42b7d14a37dbf
b486570358267dbf
015c6a6468a97cbf
31c1450f4c2c7cbf
ea4ef17009af7bbf
509c32f4a6317bbf
153c25012bb47abf
761ad3fc9b367abf
d336cd4800b979bf
66c5c4425e3b79bf
62c42444bcbd78bf
fe02aca1204078bf
d6a507ab91c277bf
a1346eaa154577bf
0c2c3be4b2c776bf
43298b966f4a76bf
faa9d8f851cd75bf
916c993b605075bf
c27bdc87a0d374bf
6ce3e8fe185774bf
1c1addb9cfda73bf
bb294fc9ca5e73bf
d095ed3410e372bf
920921fba56772bf
bcd9ae1092ec71bf
e4535c60da7171bf
56f092ca84f770bf
cb600525977d70bf
8386553a170470bf
5cb5769315166fbf
3f8c590def246ebf
99e50c31c6346dbf
e0426b34a6456cbf
22fbc5339a576bbf
e1063d31ad6a6abf
cee31814ea7e69bf
e0a426a85b9468bf
8541169d0cab67bf
b41edb8507c366bf
a3e30ed856dc65bf
e7ad56eb04f764bf
5c9dcaf81b1364bf
52cb5f1aa63063bf
83be544aad4f62bf
c14fa0623b7061bf
2823631c5a9260bf
a751b71e266c5fbf
7b6db962dfb65dbf
8e998dabf2045cbf
7af6075a72565abf
caf80c8870ab58bf
a3219407ff0357bf
fd2cb0612f6055bf
85d69cd512c053bf
5d51d257ba2352bf
3c5b1e91368b50bf
ee4e86bb2fed4dbf
bc103899dccb4abf
a7e78f3c93b247bf
3cfcb38872a144bf
b9741fc1989841bf
396d361047303dbf
f5b885ba5f4037bf
bd542b38b46131bf
8bc24feaf72827bf
5e1c453fb46317bf
dd9d5c1f2b9ec7be
6096c8f08aa1153f
5b777e027cdb253f
28be0aaaa460303f
0f714a41e7c0353f
11ae5dad570e3b3f
f2ef24996424403f
2495ce3908b8423f
a1d51bbb0142453f
d950fdd03cc2473f
bff6aee1a5384a3f
b6cf75062aa54c3f
4bb1500cb7074f3f
be024eba1db0503f
ec43d43a53d7513f
016fa2fd73f9523f
74219d537816543f
e2fddde8582e553f
74e8e4c40e41563f
5cb8c24a934e573f
d8553d39e056583f
f858edaaef59593f
2d205516bc575a3f
f357f14d40505b3f
d107438077435c3f
351ed3375d315d3f
24752f5bed195e3f
e86ae12c24fd5e3f
8cf75d4bfeda5f3f
f6ac7758bc59603f
752ccc5948c3603f
4b8b7802222a613f
76c5fe58488e613f
4dd27e91baef613f
21889b0d784e623f
be5d5c5c80aa623f
660a0c3ad303633f
97041490705a633f
73edd47458ae633f
82e27b2b8bff633f
80c3d423094e643f
b86d19fad299643f
9eefbd76e9e2643f
bbbf398e4d29653f
bdf9cd60006d653f
13a5483a03ae653f
e611c59157ec653f
154b6909ff27663f
03aa206efb60663f
899053b74e97663f
144e9c06fbca663f
0f3b79a702fc663f
1b10fc0e682a673f
a77e76db2d56673f
a21624d4567f673f
027fd1e8e5a5673f
ec078131dec9673f
dba20cee42eb673f
7844c585170a683f
e0bc0f875f26683f
570dffa61e40683f
9343ecc05857683f
2fe60bd6116c683f
fff9000d4e7e683f
aaa96db1118e683f
ba9a8133619b683f
1cf8852741a6683f
9d3d6745b6ae683f
dacd3c68c5b4683f
ab5cce8d73b8683f
473917d6c5b9683f
0282c782c1b8683f
cc4cc3f66bb5683f
fdce9fb5caaf683f
ba8f1e63e3a7683f
dcafa6c2bb9d683f
7e52bcb65991683f
04327640c382683f
7c6cf17efe71683f
0393c3ae115f683f
bb086b29034a683f
d0bbbd64d932683f
f34456f29a19683f
587aff7e4efe673f
eb7f1ed2fae0673f
d8631bcda6c1673f
1a51c86a59a0673f
5b65c7be197d673f
d037eff4ee57673f
421bae50e030673f
e0286c2cf507673f
db21ecf834dd663f
ec31ab3ca7b0663f
a1a03f935382663f
1780b6ac4152663f
ad61f04c7920663f
c622fd4a02ed653f
44da7690e4b7653f
f6f4db182881653f
9c90e8f0d448653f
2b1eef35f30e653f
7d5a30158bd3643f
aeac32cba496643f
e1f218a34858643f
deccf8f57e18643f
c473302a50d7633f
3426bcb2c494633f
313d8b0ee550633f
ccf0d4c7b90b633f
02dc6c734bc5623f
954f17b0a27d623f
dc7bdd25c834623f
50816185c4ea613f
7f773287a09f613f
697020eb6453613f
f98d90771a06613f
162fd1f8c9b7603f
67446e407c68603f
1fdc85243a18603f
0dd939fe188e5f3f
c1d8e85af8e95e3f
3492bd1e24445e3f
06832b0dae9c5d3f
786921eca7f35c3f
d6e9b68223495c3f
8144db97329d5b3f
f04805f1e6ef5a3f
a98de45052415a3f
c10c14768691593f
ba42ce1995e0583f
70dca2ee8f2e583f
6f112e9f887b573f
dbc9d1cc90c7563f
6796700eba12563f
dda52aef155d553f
04bf1cedb5a6543f
d75b2178abef533f
cf0394f00738533f
07ef16a6dc7f523f
a00e5bd63ac7513f
1c97eaab330e513f
8f15f63cd854503f
ea56481473364f3f
f91cc8fad0c24d3f
b79b85d1eb4e4c3f
a412870ae5da4a3f
a93575e3dd66493f
ee9d5763f7f2473f
e58d5758527f463f
741389550f0c453f
5fbebab04e99433f
fc1d4c803027423f
bf070b99d4b5403f
4cee2f18b58a3e3f
b20da349c3ab3b3f
1a6a8ecd11cf383f
c2456717def4353f
4eadfc02651d333f
ac618ad0e248303f
1afeb64126ef2a3f
c0e2f9e26153253f
82300064da7d1f3f
b681360d7764143f
653e4c70fbb6023f
9e0a34be06c3d9be
801687096a0309bf
4225299b345417bf
abaef8536b0921bf
1737a0d0625e26bf
44f4a88397a82bbf
661540dcd07330bf
c10701a68d0d33bf
8f233ad94fa135bf
6c77adfee52e38bf
4d2994701fb63abf
7431635dcc363dbf
c10f7dcabdb03fbf
361b68cbe21141bf
19fab03edb4742bf
32f2e20b327a43bf
86d64070d1a844bf
656aae1aa4d345bf
6265ce2c95fa46bf
5160163c901d48bf
f7b9d852813c49bf
fb5a44f154574abf
09445a0ef86d4bbf
7fedd81858804cbf
54671df8628e4dbf
a022fa0c07984ebf
f3728332339d4fbf
b5d9685feb4e50bf
1b80dcc1f0cc50bf
dc4bbbe7a14851bf
3fdfa936f7c151bf
cd1e1f53e93852bf
1335ab2071ad52bf
fc5639c2871f53bf
e54f4c9a268f53bf
aacf354b47fc53bf
537848b7e36654bf
52b40401f6ce54bf
e94a408b783455bf
dabd48f9659755bf
536d002fb9f755bf
5b81f6506d5556bf
d0a179c47db056bf
0f7ca52fe60857bf
b3166b79a25e57bf
20fd93c9aeb157bf
ef43c088070258bf
25675f60a94f58bf
560fa43a919a58bf
5eb97242bce258bf
fe4d4be3272859bf
3eac2dc9d16a59bf
912a79e0b7aa59bf
9c1ac755d8e759bf
d053c09531225abf
adcaed4cc2595abf
e6408467898e5abf
0b142b1186c05abf
e731beb4b7ef5abf
2d400bfc1d1c5bbf
4efb89cfb8455bbf
beda0f56886c5bbf
bf027ff48c905bbf
058d704dc7b15bbf
6c35da4038d05bbf
be74afebe0eb5bbf
87137ea7c2045cbf
f743060adf1a5cbf
5e4bcee4372e5cbf
68cab144cf3e5cbf
c1af6c71a74c5cbf
7fe121edc2575cbf
40acdd7324605cbf
6f0414fbce655cbf
f5a71ab1c5685cbf
dd2e9ffc0b695cbf
2e19197ca5665cbf
e8e8370596615cbf
19574da4e1595cbf
d3b3b39b8c4f5cbf
218030639b425cbf
035253a712335cbf
2b13d148f7205cbf
fca9db5b4e0c5cbf
c21d76271df55bbf
f147c52469db5bbf
6c215dfe37bf5bbf
f1bf8a8f8fa05bbf
b2129be3757f5bbf
dd701e35f15b5bbf
3f0d29ed07365bbf
125f90a2c00d5bbf
0093251922e35abf
dc18ed4033b65abf
a95d5335fb865abf
6fc65e3c81555abf
a200dfc5cc215abf
ecb6996ae5eb59bf
4fc374ebd2b359bf
6ced9d309d7959bf
7a4ab0484c3d59bf
d354d767e8fe58bf
20cbefe679be58bf
fb6ca642097c58bf
fdab941a9f3758bf
455f5b3044f157bf
4c95bb6601a957bf
5592adc0df5e57bf
69127660e81257bf
47e6b98624c556bf
0bfb8f919d7556bf
8fe391fb5c2456bf
85fbea5a6cd155bf
81336660d57c55bf
f39d7ad6a12655bf
09d556a0dbce54bf
9746ebb88c7554bf
e884f331bf1a54bf
95a9fe327dbe53bf
25e276f8d06053bf
923fa8d2c40153bf
fed6c62463a152bf
c94bf463b63f52bf
6cdc4416c9dc51bf
03ffc3d1a57851bf
2ba7783b571351bf
dd4d6906e8ac50bf
09c69ff2624550bf
7efe5998a5b94fbf
778259d484e64ebf
68f1925b79114ebf
da5d8002993a4dbf
4470c9adf9614cbf
ca634c50b1874bbf
26d427e9d5ab4abf
0470c5817dce49bf
33d2e52bbeef48bf
9895adffad0f48bf
17d3b319632e47bf
da3a1299f34b46bf
d1df769d756845bf
30e63745ff8344bf
944269aba69e43bf
f0a1f4e581b842bf
6fa8b303a7d141bf
7cb68c0a2cea40bf
6d4492f5260240bf
6f284a665b333ebf
e1913246ac613cbf
c123bd296c8f3abf
472b578bc6bc38bf
e66459bde6e936bf
a87b6ce6f71635bf
f6e3f4fd244433bf
7e2886c8987131bf
944abca8fb3e2fbf
3594d0ebfc9b2bbf
046d928889fa27bf
d909e62bf55a24bf
59cd84fa92bd20bf
bb7c93146b451abf
52c621b75d1513bf
4beca64a41d707bf
a992eb8a5523f3be
a8c668f71e93e23e
ae4cc698d8ca023f
c59f567da66f103f
c0f1b3807670173f
59e4c4e841671e3f
49d591ebb7a9223f
513a4084341a263f
b62c1cf0cb84293f
d245de3934e92c3f
4e6572259223303f
a2615bf829cf313f
8d0537f13d77333f
142804e3aa1b353f
421dcf1a4ebc363f
0c5e40620559383f
b9041e02aff1393f
39e5bfc429863b3f
4f3676f854163d3f
7a91e27110a23e3f
2c8b21479e14403f
66d8d71addd5403f
6797a46eb594413f
6115ad441851423f
8dcbdd1d6e298b3f
25256329c4278b3f
e947393c40258b3f
61db9085e2218b3f
cd3de240ab1d8b3f
69cbe8b59a188b3f
00539d38b1128b3f
c4b82f29ef0b8b3f
3dc7fff354048b3f
982f9511e3fb8a3f
71b996069af28a3f
e2a2c0637ae88a3f
1c32dac584dd8a3f
8c78aad5b9d18a3f
d148ec471ac58a3f
e66041dda6b78a3f
59c8246260a98a3f
ff64dcae479a8a3f
11c669a75d8a8a3f
4a277a3ba3798a3f
e1ad556619688a3f
6ddfcd2ec1558a3f
b7542ba79b428a3f
62aa1aeda92e8a3f
aeaf9829ed198a3f
60d5dd9066048a3f
38df486217ee893f
82d748e800d7893f
f648467824bf893f
6abe8b7283a6893f
f68a2d421f8d893f
44ddf05cf972893f
291e32431358893f
3b9dca7f6e3c893f
928ef5a70c20893f
e358345bef02893f
6f39324318e5883f
ef3ca71389c6883f
00913a8a43a7883f
0831646e4987883f
07ef4d919c66883f
5cdbb3cd3e45883f
360fc4073223883f
bad9fd2c7800883f
5a53103413dd873f
505bb81c05b9873f
43fe9def4f94873f
d64c31bef56e873f
2ea186a2f848873f
745732bf5a22873f
70fd233f1efb863f
1ff9805545d3863f
7daa7e3dd2aa863f
890c3c3ac781863f
c6d59a962658863f
261c18a5f22d863f
3381a4bf2d03863f
0de57b47dad7853f
4ca8fca4faab853f
8a7b7e47917f853f
2fc128a5a052853f
3d86c83a2b25853f
f611a68b33f7843f
00115a21bcc8843f
0861a28bc799843f
727b3660586a843f
c2879b3a713a843f
5f14f8bb140a843f
ab7ae78a45d9833f
6bf34c5306a8833f
725b26c65976833f
55ad5e994244833f
6635a087c311833f
ac7f2650dfde823f
f70490b698ab823f
649caf82f277823f
adaf5d80ef43823f
b73b497f920f823f
a79bc852deda813f
f223aad1d5a5813f
ae9204d67b70813f
d054073dd33a813f
b3a5cae6de04813f
548e1fb6a1ce803f
96c25f901e98803f
35663d5d5861803f
b3b79206522a803f
5d4d63f01ce67f3f
34b6663f21777f3f
035a8fd8b6077f3f
1a24099de3977e3f
cd0c6b70ad277e3f
d4e055381ab77d3f
200913dc2f467d3f
915e3344f4d47c3f
51052e5a6d637c3f
0864ff07a1f17b3f
9d32c837957f7b3f
0bac6cd34f0d7b3f
e4ed33c4d69a7a3f
5f8467f22f287a3f
d92df34461b5793f
0de104a17042793f
4811ade963cf783f
49457fff405c783f
bcfb32c00de9773f
dbe84406d075773f
c39798a88d02773f
d76d1a7a4c8f763f
271b6249121c763f
0e8255e0e4a8753f
9b14cc03ca35753f
51b23273c7c2743f
e01030e8e24f743f
4fab491622dd733f
0a4b89aa8a6a733f
0326234b22f8723f
a49c1c97ee85723f
94a1f325f513723f
83c946873ba2713f
de0c7e42c730713f
a84574d69dbf703f
1e6721b9c44e703f
1bf28aae82bc6f3f
8ac2282832dc6e3f
3cebc491a2fc6d3f
c5d2a389de1d6d3f
3b220299f03f6c3f
3d0c7333e3626b3f
376740b6c0866a3f
4195cc6793ab693f
694cf67665d1683f
2c527efa40f8673f
1e1f6ff02f20673f
9c8e863d3c49663f
d78ea1ac6f73653f
03e429eed39e643f
790f869772cb633f
46558b2255f9623f
24f1f1ec8428623f
588bcb370b59613f
1ce7fb26f18a603f
7eb767817f7c5f3f
4050ddd9ffe55d3f
802ae3e974525c3f
c9109c05f0c15a3f
59f0cb418234593f
3caae5723caa573f
04e81d2c2f23563f
a4e682be6a9f543f
b4541938ff1e533f
b560fe62fca1513f
7adf8ec47128503f
e88a2739dd644d3f
45b2e7c803804a3f
4f78d59c74a2473f
f7c38a894ccc443f
04ce47d2a7fd413f
b180034f446d3e3f
c9e7f84aadee383f
fe62dea5bf7f333f
2681d27e5e412c3f
a949188e5da3213f
c7c71fcc7d970c3f
b3af4018dab5f9be
c280dee628e41abf
5b4c8f70d08b27bf
b2010102cbc130bf
a9674c3987ac35bf
3aca16c0f2853abf
a323a2b9e44d3fbf
69721fc61a0242bf
10e176715f5444bf
b3cf74d7ad9d46bf
50008d14f4dd48bf
97b0b6e920154bbf
24ef0dbd23434dbf
ebf8689aec674fbf
7ec5f019b6c150bf
7a2429f1c9ca51bf
9711e4d22acf52bf
94d2f312d2ce53bf
262f2359b9c954bf
6a145ca1dabf55bf
5d40c83b30b156bf
ecebebccb49d57bf
086dba4d638558bf
e4e2a40b376859bf
a8e5a2a82b465abf
1335351b3d1f5bbf
097862ae67f35bbf
6609ae01a8c25cbf
b8cc0809fb8c5dbf
a424bc0c5e525ebf
e3f64ea9ce125fbf
32d764cf4ace5fbf
60abcb61684260bf
aebb248f2f9b60bf
55abba657af160bf
6c083a85484561bf
feeddfb6999661bf
473a58ed6de561bf
81e79844c53162bf
ef93ba01a07b62bf
013ace92fec262bf
ef1ab08ee10763bf
f9e5d7b4494a63bf
6b1e26ed378a63bf
a4c3ae47adc763bf
4e4581fcaa0264bf
dac66d6b323b64bf
feb5c71b457164bf
2dc025bce4a464bf
16261f2213d664bf
ad79064ad20465bf
82caa156243165bf
0846e0900b5b65bf
0e568d678a8265bf
8842016fa3a765bf
dd5ccf6059ca65bf
d3bf711bafea65bf
63a7f2a1a70866bf
ff6b931b462466bf
752771d38d3d66bf
080b2738825466bf
eb706edb266966bf
64b0bc717f7b66bf
c4bcded18f8b66bf
509992f45b9966bf
40aa1ef4e7a466bf
68ebe60b38ae66bf
1517009850b566bf
04c5c01436ba66bf
098c501eedbc66bf
652f35707abd66bf
ade1dde4e2bb66bf
3ca72c752bb866bf
f8e1fd3759b266bf
d010ae6171aa66bf
d4cc9d4379a066bf
5d0eb44b769466bf
12c5de036e8666bf
74cc9111667666bf
d1484435646466bf
3976ec496e5066bf
adf479448a3a66bf
489d4e33be2266bf
03eab53d100966bf
d1fb5aa386ed65bf
484bbdbb27d065bf
b10ca4f5f9b065bf
dd5590d6039065bf
940e2efa4b6d65bf
f4b7c311d94865bf
c017a1e3b12265bf
d4d08c4addfa64bf
48f5303562d164bf
da9f86a547a664bf
309d40b0947964bf
6732357c504b64bf
670ec741821b64bf
9b6d4d4a31ea63bf
3f817bef64b763bf
c121c79a248363bf
ebd9cec4774d63bf
ba58bff4651663bf
5752b8bff6dd62bf
f7dd30c831a462bf
ca5e5bbd1e6962bf
e5fe885ac52c62bf
7bce8c662def61bf
2e8e1eb35eb061bf
8f323d1c617061bf
292f91873c2f61bf
d190cee3f8ec60bf
3bf516289ea960bf
a06e5b53346560bf
515abe6bc31f60bf
8071eafba6b25fbf
bb2b5539d9235fbf
cf0cc0bf2d935ebf
c79da0c8b4005ebf
6571a3957e6c5dbf
0e48716f9bd65cbf
6fca74a41b3f5cbf
58e7a0870fa65bbf
d2f1376f870b5bbf
969b93b3936f5abf
c2d8edad44d259bf
81c82ab7aa3359bf
17c0a326d69358bf
9a7ff350d7f257bf
0db9c386be5057bf
5cf19b139cad56bf
ecd6b13c800956bf
202abb3f7b6455bf
2f42c1519dbe54bf
4449f69df61754bf
b44c8c44977053bf
ac258e598fc852bf
5b63bae3ee1f52bf
843b60dbc57651bf
bd9b3e2924cd50bf
697765a5192350bf
b9b1322c6cf14ebf
2ea3725d129c4dbf
10c44e1d45464cbf
50c2668023f04abf
9efa106fcc9949bf
7ede3aa35e4348bf
a4c54ea6f8ec46bf
83751fcfb89645bf
b963d93fbd4044bf
60e4f9e323eb42bf
cd734c6e0a9641bf
6726ee568e4140bf
53dcaeb299db3dbf
cfc6d8e4c5353bbf
a62427bdda9138bf
6e29a72f11f035bf
bbeeeea7a15033bf
b22e7405c4b330bf
148ce22f5f332cbf
840eb137360527bf
4467ac6d79dd21bf
b7b285d1277919bf
3f1ee112be8b0ebf
b4b425dca687f4be
44b96f09a6c7f33e
eb719c399de90d3f
2a91443cfce5183f
b52b72dd5562213f
5fe5829a0c48263f
7a2c7bcac1232b3f
4d493c4f16f52f3f
6832803ed65d323f
4550eb0f94bb343f
59907e409713373f
d9140c36b365393f
193b231abcb13b3f
282a89dc86f73d3f
f5c4cf9a741b403f
70b55cd4dc37413f
74152fc3e750423f
96103d778166433f
f18f3e699678443f
d84bb37b1387453f
0698dffbe591463f
46f8bfa2fb98473f
f850f395429c483f
82c59b68a99b493f
5f2c361c1f974a3f
cf096821938e4b3f
c118c458f5814c3f
9951851336714d3f
6f5f4014465c4e3f
0d8e8b8f16434f3f
bb914e96cc12503f
480bf002e081503f
da9abfd4beee503f
d94ff38c6259513f
e7d01de7c4c1513f
cd7865d9df27523f
ad9cb694ad8b523f
5903f18428ed523f
d78910514b4c533f
46f250db10a9533f
33e84c417403543f
9d2f18dc705b543f
c70a554002b1543f
93d4443e2404553f
7acfd3e1d254553f
0f32a0720aa3553f
4f71fc73c7ee553f
a1c9eca40638563f
73102000c57e563f
d4cfe3bbffc2563f
3dae134ab404573f
9b2e0458e043573f
2bc668ce8180573f
535435d196ba573f
71007bbf1df2573f
ff8140331527583f
14de55017c59583f
b89f23395189583f
5590752494b6583f
93fd404744e1583f
ee8e665f6109593f
6db86f64eb2e593f
7fd14787e251593f
f2d7f0314772593f
9beb33071a90593f
c88a4de25bab593f
0e9995d60dc4593f
1c3d232f31da593f
179f6c6ec7ed593f
1c92e24dd2fe593f
493688bd530d5a3f
d49c86e34d195a3f
0b7cbc1bc3225a3f
a2fe49f7b5295a3f
cbba183c292e5a3f
aade5fe41f305a3f
bc9e241e9d2f5a3f
c4f3b64aa42c5a3f
f0b52afe38275a3f
2423cdfe5e1f5a3f
a1de96441a155a3f
1e789af86e085a3f
c3896f7461f9593f
0f7b9a41f6e7593f
faf7f01832d4593f
8d2cfbe119be593f
2fd351b2b2a5593f
e925f9cc018b593f
cec3b8a10c6e593f
139870ccd84e593f
8bd66a146c2d593f
291bab6bcc09593f
93be3aeeffe3583f
ad7172e10cbc583f
602f41b3f991583f
179670f9cc65583f
02bde6708d37583f
0a93e5fc4107583f
cbda47a6f1d4573f
9fd7bb9aa3a0573f
a5b8fb2b5f6a573f
3dda03cf2b32573f
cfea461b11f8563f
7207e0c916bc563f
1ce5c2b4447e563f
bf14ead5a23e563f
4677834639fd553f
87f61a3e10ba553f
fa8fc3113075553f
dbcb3e33a12e553f
2cad22306ce6543f
8030feb0999c543f
166f7c783251543f
ac7486623f04543f
afdd6363c9b5533f
e453da86d965533f
d2f74bef7814533f
69ccd4d4b0c1523f
313c67848a6d523f
0ac3e75e0f18523f
d6d947d848c1513f
872fa0764069513f
e3454ad1ff0f513f
fd88f98f90b5503f
5feed369fc59503f
8b6514499afa4f3f
0d9adf26193f4f3f
ac41252d89814e3f
1e1fa533fec14d3f
26e2f1278c004d3f
f017a00b473d4c3f
784675f242784b3f
464c970094b14a3f
2431bc684ee9493f
b8945a6a861f493f
ccd3da4f5054483f
490fc96cc087473f
e143081cebb9463f
fa8206bee4ea453f
f289f2b6c11a453f
dec9f26c9649443f
5b095e467777433f
55d0f5a778a4423f
ceaf22f3aed0413f
879232842efc403f
9b4199b00b27403f
0961668ab5a23e3f
6979150960f63c3f
3614404a3f493b3f
5416679f7b9b393f
2cdf263b3ded373f
8e0bd82dac3e363f
99743662f08f343f
b9b80e9a31e1323f
df73f26a9732313f
9fece67592082f3f
0a94cc7adcac2b3f
743b58df5a52283f
4c07092c5bf9243f
ad32ce702aa2213f
1596957d2a9a1c3f
a7d85444cff4153f
20ec1c70b4a90e3f
0aa28671c275013f
4372a9c2c73be13e
2590ff442c93f1be
65c60b63b1d205bf
e0da05079f6511bf
675d998c0ed917bf
37dc922419431ebf
145ede11995122bf
e007172e677c25bf
7e02fa13b2a128bf
c8dac7b935c12bbf
95ab23e4aeda2ebf
967b9295edf630bf
9553a97f3c7d32bf
b14443d7230034bf
e99d5cb4837f35bf
110b5ba23cfb36bf
0e535ba22f7338bf
78d1722d3ee739bf
037ae4364a573bbf
9a31492e36c33cbf
5b74ab01e52a3ebf
ff18961f3a8e3fbf
68ff8abc8c7640bf
b657d7c1b32341bf
76568f1d261289bf
bf5c4b166c1089bf
3b5a52e2e80d89bf
3e1e30af9c0a89bf
0101c6b5870689bf
c072463aaa0189bf
bac82f8c04fc88bf
f847460697f588bf
006f8d0e62ee88bf
6c7e401666e688bf
2741ca99a3dd88bf
5115bc201bd488bf
f135c43dcdc988bf
5b46a38ebabe88bf
9f2021bce3b288bf
11e7007a49a688bf
305af486ec9888bf
5c748eaccd8a88bf
404b35bfed7b88bf
6b39139e4d6c88bf
ff4f0733ee5b88bf
12129572d04a88bf
a97bd35bf53888bf
68545bf85d2688bf
c6cf345c0b1388bf
047dc4a5fefe87bf
cc86b7fd38ea87bf
c144ef96bbd487bf
54216cae87be87bf
4bd3378b9ea787bf
4eef4e7e019087bf
dcd089e2b17787bf
44dd841cb15e87bf
4523889a004587bf
90576ed4a12a87bf
9e308b4b960f87bf
0925918adff386bf
a88b76257fd786bf
a2225ab976ba86bf
befc66ecc79c86bf
3bd8b76d747e86bf
2de239f57d5f86bf
a0e68e43e63f86bf
a6f0ee21af1f86bf
a75d0962dafe85bf
1d64e5dd69dd85bf
0311c2775fbb85bf
d0bff519bd9885bf
ee0bcdb6847585bf
3a426948b85185bf
a8519ed0592d85bf
b43ed0586b0885bf
b91dd0f1eee284bf
fe93b8b3e6bc84bf
6de3c9bd549684bf
0f8545363b6f84bf
4151494a9c4784bf
d93caa2d7a1f84bf
21aace1ad7f683bf
f9518852b5cd83bf
42c9ed1b17a483bf
aca233c4fe7983bf
f830859e6e4f83bf
33eedc03692483bf
b887dc52f0f882bf
6d93a4ef06cd82bf
cdf2ab43afa082bf
85e296bdeb7382bf
b5be0dd1be4682bf
837a93f62a1982bf
b9cf5bab32eb81bf
242b2171d8bc81bf
7155facd1e8e81bf
46dd2f4c085f81bf
7747117a972f81bf
de03cae9ceff80bf
752f3631b1cf80bf
3622b7e9409f80bf
adcd07b0806e80bf
33f11024733d80bf
6d23bde81a0c80bf
0f6c9947f5b47fbf
0bf152fb29517fbf
cbb37442d9ec7ebf
f4db6d7708887ebf
5ab7f5f8bc227ebf
af64b229fcbc7dbf
de5edf6fcb567dbf
77e5f33430f07cbf
584c49e52f897cbf
da3cc1efcf217cbf
a1e76bc515ba7bbf
ce302ed906527bbf
19e1679fa8e97abf
5fda998d00817abf
205a0c1a14187abf
075475bbe8ae79bf
e0e09ee8834579bf
77d40d18ebdb78bf
7276a8bf237278bf
a3685d54330878bf
c9c4ca491f9e77bf
7570e511ed3377bf
54b1a01ca2c976bf
de0b96d7435f76bf
8c68adadd7f475bf
f091c506638a75bf
b2075d47eb1f75bf
60303bd075b574bf
30f419fe074b74bf
10bf4f29a7e073bf
b6f379a5587673bf
98d927c1210c73bf
f30386c507a272bf
b93b0af60f3872bf
27f61f903fce71bf
b753d5ca9b6471bf
21b988d629fb70bf
58fe96dcee9170bf
a63c0affef2870bf
6e8b92b064806fbf
b4828ff575af6ebf
6df66de11ddf6dbf
46d46e77660f6dbf
bad715a959406cbf
388e8f5501726bbf
59dd184967a46abf
141e683c95d769bf
0cde17d4940b69bf
f34213a06f4068bf
9620041b2f7667bf
2dd3c2a9dcac66bf
b9d8c79a81e465bf
753a9f25271d65bf
4bd75d6ad65664bf
11851871989163bf
27295d2976cd62bf
59bdad69780a62bf
8052fdeea74861bf
511f2f5c0d8860bf
6e2d2f7362915fbf
2429ffe837155ebf
da5f53bdab9b5cbf
fd58b35bce245bbf
ea35bcf6afb059bf
ff6b3887603f58bf
57e33bcbefd056bf
9db444456d6555bf
736e603be8fc53bf
df0056b66f9752bf
4166d480123551bf
aaff4b4dbeab4fbf
3b7ad1e7c7f34cbf
995396e85d424abf
07959ce49b9747bf
91fb18ed9cf344bf
3f930a8e7b5642bf
71bbb899a3803fbf
855e224e72623abf
004ff321955235bf
ece1e8e83c5130bf
64bde3be32bd26bf
f41162a164eb19bf
b73218a89c62fabe
e010fe8942fa083f
122a008947551f3f
53e3fa8391f7283f
a0700bee8312313f
4957e9895b99353f
0b01c3e028103a3f
71011c67c6763e3f
378332de8766413f
f99b3dd67089433f
fff588180da4453f
6d1083394cb6473f
5f0dce651ec0493f
e475d36274c14b3f
88dc4c8f3fba4d3f
c37ec1e371aa4f3f
a0677cf9fec8503f
0bea30756bb8513f
cabd374978a3523f
c9e974a71f8a533f
bc089a0f5c6c543f
9ecc434f284a553f
83e711827f23563f
bc70b9115df8563f
40bf11b6bcc8573f
bdb31b759a94583f
d88303a3f25b593f
b4011de2c11e5a3f
295bda2205dd5a3f
da67bda3b9965b3f
247343f1dc4b5c3f
2699cbe56cfc5c3f
16b477a967a85d3f
10d907b2cb4f5e3f
4176b0c297f25e3f
6812ebebca905f3f
f9d6a0453215603f
606c8a25b25f603f
7d3e2e11e5a7603f
c8b0312acbed603f
1fbd3eb86431613f
617edc28b272613f
fc28450fb4b1613f
be7239246bee613f
056dd145d828623f
4cda4a77fc60623f
ee01d5e0d896623f
84055acf6eca623f
6bc145b4bffb623f
a53b4a25cd2a633f
5ba521dc9857633f
8df94db62482633f
9539d6b472aa633f
4c5201fc84d0633f
42ae0ed35df4633f
b57aeca3ff15643f
70a8ebfa6c35643f
51ae7186a852643f
4e13a816b56d643f
40ca299d9586643f
7363ae2c4d9d643f
3c1eb3f8deb1643f
2de121554ec4643f
0920f6b59ed4643f
02b9dfaed3e2643f
84d0e3f2f0ee643f
51b3fb53faf8643f
8ec8b1c2f300653f
689bbc4de106653f
f9049821c70a653f
cd7f1c88a90c653f
3cad14e88c0c653f
2516d1c4750a653f
ce2fbabd6806653f
77aee08d6a00653f
b82e8c0b80f8643f
343fc827aeee643f
7ed4efedf9e2643f
3030378368d5643f
da453426ffc5643f
e5a6652ec3b4643f
7cffb70bbaa1643f
522f0a46e98c643f
3d07b07c5676643f
32b6f365075e643f
0ff195ce0144643f
bddd4c994b28643f
fccc41beea0a643f
62ce8d4ae5eb633f
7a26b55f41cb633f
fdb4213305a9633f
ed529c0d3785633f
7834c54add5f633f
a85a8b58fe38633f
671da3b6a010633f
bad9fbf5cae6623f
bed034b883bb623f
843f11afd18e623f
2dbceb9bbb60623f
06e5284f4831623f
7f68a9a77e00623f
45763b9265ce613f
37a00b09049b613f
043815136166613f
713692c38330613f
13b46a3973f9603f
0200a49e36c1603f
4a62cf27d587603f
9e8f7813564d603f
1ae093a9c011603f
bf9dd87538aa5f3f
f99e2241e02e5f3f
090e897687b15e3f
5ddecee53c325e3f
ede1d16b0fb15d3f
340866f10d2e5d3f
e5b3306a47a95c3f
004284d3ca225c3f
60dd3b33a79a5b3f
cba79796eb105b3f
fc5d1911a7855a3f
7e7f61bbe8f8593f
e1140db2bf6a593f
172f94143bdb583f
b82b29046a4a583f
f9d798a25bb8573f
b78d2b111f25573f
7f51876fc390563f
4a1793da57fb553f
3a355b6beb64553f
8c1df7358dcd543f
3a7b70484c35543f
a0b9aba9379c533f
cb1152585e02533f
4f36bd49cf67523f
e1a6e46899cc513f
40c54c95cb30513f
6cc4f7a17494503f
dfedb0a846ef4f3f
ae428ec6ccb44e3f
1ba9f0eb98794d3f
c0d2eb45c83d4c3f
696934de77014b3f
5cf81a99c4c4493f
d3858b33cb87483f
7d0b1241a84a473f
b0d4e329780d463f
3108ee2857d0443f
9e62e9496193433f
314e7367b256423f
57862c29661a413f
b89fba0330bd3f3f
ece33e5bc6463d3f
e3371c60c5d13a3f
1d7ef7a4625e383f
510e5c44d3ec353f
243b40dd4b7d333f
d865968f0010313f
9d51d6f1494a2d3f
6f202162d879283f
4468ad8d11af233f
befb47f3b2d41d3f
35abbc182658143f
9b01aa1c80d2053f
96297705208cd83e
1a50431d5522ffbe
b73fdf6c090a11bf
8da7458ee03a1abf
917240a731ad21bf
6a2e5870ee3326bf
625c78894db12abf
27657c2cf7242fbf
42e89d754ac731bf
51f74cdae8f633bf
90d5baec2c2136bf
cc87bc88ed4538bf
8a51e43f02653abf
85ecc85b437e3cbf
4c613ce089913ebf
3124b9c6574f40bf
65a20a71c75241bf
a9e0a58e015342bf
49e15520f44f43bf
6ed00e898d4944bf
44dcd68ebc3f45bf
aa71a65b703246bf
68cb3f7e982147bf
7be0fdea240d48bf
cc8b9afc05f548bf
48fdeb742cd949bf
ec60997d89b94abf
ffaec6a80e964bbf
cfadb7f1ad6e4cbf
bb166abd59434dbf
a1d226db04144ebf
d55c0a85a2e04ebf
db30846026a94fbf
89aa663fc23650bf
2afbaaaed89650bf
2a0715f3d0f450bf
ef8f26b8a55051bf
b68106e051aa51bf
b7dea583d00152bf
8836e0f21c5752bf
8fa797b432aa52bf
6168cc860dfb52bf
59e3af5ea94953bf
b75cb368029653bf
6b2d920815e053bf
959257d9dd2754bf
e91160ad596d54bf
087c568e85b054bf
908d2cbd5ef154bf
c5300fb2e22f55bf
d16a561c0f6c55bf
a7f170e2e1a555bf
1d76cb2159dd55bf
03a5b32e731256bf
43e336942e4556bf
1dcffc138a7556bf
fe8a1da684a356bf
dad6f3781dcf56bf
de02ebf053f856bf
f7c048a8271f57bf
51dbf26e984357bf
05dc304aa66557bf
6ea96974518557bf
bd23dd5c9aa257bf
0dcb59a781bd57bf
3e76ee2b08d657bf
6f2698f62eec57bf
47ffeb46f7ff57bf
fe6dbd8f621158bf
d48ac076722058bf
a5be28d4282d58bf
43b743b2873758bf
fdb6104d913f58bf
4e49d411484558bf
a069a89eae4858bf
772709c2c74958bf
2bd45d7a964858bf
29c77ef51d4558bf
cbc43790613f58bf
5915c7d5643758bf
ac58597f2b2d58bf
9c248273b92058bf
347bb1c5121258bf
8d26a6b53b0158bf
1809ddae38ee57bf
a36ffd470ed957bf
b0734242c1c157bf
e57de18856a857bf
c4f56d30d38c57bf
822e3a763c6f57bf
1da1b5bf974f57bf
9280c899ea2d57bf
19bb2cb83a0a57bf
1775c4f48de456bf
eb0eee4eeabc56bf
e6c6d5ea559356bf
1805c510d76756bf
66626f2c743a56bf
3c7d3dcc330b56bf
3ba895a01cda55bf
aa88227b35a755bf
50b1174e857255bf
2e4c742b133c55bf
21e64344e60355bf
3d6adde705ca54bf
635f2083798e54bf
f97bb09f485154bf
139d2fe37a1254bf
4234760e18d253bf
f540cafc279053bf
9cdf14a3b24c53bf
6689160fc00753bf
c60e9a6658c152bf
c361a6e6837952bf
5d44afe24a3052bf
f3e7c4c3b5e551bf
4692c207cd9951bf
8e5c7c40994c51bf
8819ec1223fe50bf
26775d3673ae50bf
e0709973925d50bf
6b1d11a4890b50bf
77e50f62c3704fbf
c8157b2547c84ebf
adfd2d9fb01d4ebf
05d88ff611714dbf
9762f66b7dc24cbf
1aeff65605124cbf
7937b724bc5f4bbf
4f073e56b4ab4abf
e2f2c37e00f649bf
eb2e0442b33e49bf
fcb18d52df8548bf
e1ca147097cb47bf
1541c565ee0f47bf
292a9508f75246bf
539c9835c49445bf
8b5456d068d544bf
33791dc1f71444bf
caa25cf3835343bf
203bfa53209142bf
546aaecfdfcd41bf
5ba15e51d50941bf
deea7ac0134540bf
ba54bafe5bff3ebf
8abb54d36d733dbf
4f0f6ca582e63bbf
40d7cf07c0583abf
2b5248764bca38bf
d9d66b524a3b37bf
b77979e0e1ab35bf
aa423944371c34bf
fb41e27d6f8c32bf
27a40667affc30bf
f91c0c5f37da2ebf
c4240db5b1bb2bbf
7b9ee876169e28bf
8d2710e6ad8125bf
a983aad8bf6622bf
e2257c67279b1ebf
8a88d5cae06c18bf
404367be384312bf
30216241763d08bf
c9700402cbfff7be
51d86c15ae96983e
cbfd837262a9f83e
0206295a9769083f
2a1766bc6937123f
805c08edad31183f
410f3eb114231e3f
7c7da3ea8d05223f
f1acb244a1f4243f
d5a6ddb584de273f
d0c9ff48f9c22a3f
b94384c9c0a12d3f
fd4e0be44e3d303f
d5f09ecfa9a6313f
baf5f03bd30c333f
f271dda6ad6f343f
f61cd5f91bcf353f
ee8efe8b012b373f
26094c244283383f
c09c85fbc1d7393f
12a447be65283b3f
6f61f58e12753c3f
05989f07aebd3d3f
d915df3b1e023f3f
a68351dd2421403f
b8a4f6cf4a47873f
a11a3f4c8045873f
79aba002fb42873f
91977f1fbb3f873f
c8ebc5d9c03b873f
6048df720c37873f
4bf3b3369e31873f
6036a37b762b873f
470a7da29524873f
e50d7b16fc1c873f
a3cb384daa14873f
944cabc6a00b873f
48fa170de001873f
4fd00ab568f7863f
badd4b5d3bec863f
8217d4ae58e0863f
287dc15cc1d3863f
cf8f4a2476c6863f
da1cb1cc77b8863f
ee5d3427c7a9863f
d26d020f659a863f
07152969528a863f
d8ed85249079863f
8be1b5391f68863f
a70004ab0056863f
4eb657843543863f
c45822dbbe2f863f
f5184cce9d1b863f
e8502086d306863f
9e34393461f1853f
04e56a1348db853f
59e7ad6789c4853f
4f03097e26ad853f
2e887aac2095853f
2ffbe051797c853f
e131e3d53163853f
8ed8d7a84b49853f
4867ac43c82e853f
8888cb27a913853f
b5f002dfeff7843f
98ab68fb9ddb843f
20df3f17b5be843f
7d06ddd436a1843f
a9a889de2483843f
698a67e68064843f
ee5e53a64c45843f
4ffac6df8925843f
ef05bb5b3a05843f
073a88ea5fe4833f
fe1fc863fcc2833f
865c35a611a1833f
d8878b97a17e833f
00936624ae5b833f
0fbe21403938833f
c022b6e44414833f
a0d39812d3ef823f
619398d0e5ca823f
4728bb2b7fa5823f
ba4a1a37a17f823f
c035c00b4e59823f
75d883c88732823f
6cace491500b823f
1e35e691aae3813f
3b28ebf797bb813f
fc4290f81a93813f
7ed086cd356a813f
28e16eb5ea40813f
2637b1f33b17813f
7dec58d02bed803f
49d1ec97bcc2803f
fd89489bf097803f
556c752fca6c803f
541f83ad4b41803f
d60260727715803f
eabc62bd9fd27f3f
39b856adae797f3f
0da6d18320207f3f
26c38516fac57e3f
73bc5041406b7e3f
1a3ceae5f70f7e3f
022b92eb25b47d3f
2ab0be3ecf577d3f
f5ecc9d0f8fa7c3f
c57f9f97a79d7c3f
06d6698de03f7c3f
f44c3fb0a8e17b3f
862acf0105837b3f
cf770e87fa237b3f
ddb9e4478ec47a3f
f999d84ec5647a3f
f179bca8a4047a3f
26fe5a6431a4793f
a49623927043793f
7f06d74367e2783f
b0f2338c1a81783f
3f82a37e8f1f783f
200ce62ecbbd773f
15e4bfb0d25b773f
d242a617abf9763f
67536c765997763f
d46ef0dee234763f
0485c9614cd2753f
58bcf40d9b6f753f
115183f0d30c753f
55b34814fca9743f
32ed88811847743f
095aa73d2ee4733f
93abd54a4281733f
9b4dc3a7591e733f
7f244d4f79bb723f
f0af2d38a658723f
d99aad54e5f5713f
46b754923b93713f
df6e9bd9ad30713f
47b19c0d41ce703f
8b5ec80bfa6b703f
ad3696abdd09703f
88ae727ce14f6f3f
f385a81c708c6e3f
5e075bbf70c96d3f
83c5c9ddec066d3f
c38052e2ed446c3f
6125de277d836b3f
24154ff9a3c26a3f
5fcdf0906b026a3f
00fbe817dd42693f
c3f2a9a50184683f
9aae663fe2c5673f
4f4688d78708673f
91f4244dfb4b663f
1db8786b4590653f
ea8c5fe96ed5643f
d34cd168801b643f
64475f768262633f
e58bb3887daa623f
38f511007af3613f
dc06db25803d613f
5c91102c9888603f
3a78b85994a95f3f
efd32f543c445e3f
0111b01938e15c3f
2daeef4997805b3f
50424f5169225a3f
63f2f967bdc6583f
e2040a91a26d573f
8e7eb1992717563f
53ff66185bc3543f
66ca166c4b72533f
d41458bb0624523f
9ab2a6f39ad8503f
642e42912b204f3f
3783956609954c3f
7c55a6e2e90f4a3f
4d56c208e790473f
38dbc5621a18453f
de0dc5ff9ca5423f
823abe728739403f
fc37aba2e3a73b3f
42f83465e7e9363f
80a2ab5b4839323f
ff098a65672c2b3f
69db3c26ab01223f
ebb14e7c64e5113f
9cc1f73b568f37be
cb29cca14dad11bf
a468bad1649021bf
e265a0361b2d2abf
dae16e1a3f5631bf
63af7512228735bf
77dad8c212a939bf
397ece7feebb3dbf
e31ae2d9c9df40bf
cb4860f0f0d942bf
1c14d8d05ccc44bf
f506cf55feb646bf
85036ce7c69948bf
51fcfe7ba8744abf
20757e9895474cbf
9ab6fa5081124ebf
7ba006495fd54fbf
531c0bda11c850bf
b972e9aa61a151bf
03a132c1997652bf
64565a0fb54753bf
05404ed0ae1454bf
59738b8782dd54bf
7bbb2e012ca255bf
b6b3ff51a76256bf
f4c376d7f01e57bf
59fabd3705d757bf
24bdac61e18a58bf
1766be8c823a59bf
1dc30339e6e559bf
ed790f2f0a8d5abf
a863dd7fec2f5bbf
6bd0b4848bce5bbf
f8c805dfe5685cbf
4a4c4178fafe5cbf
e189ac81c8905dbf
96292f744f1e5ebf
89a11c108fa75ebf
179cf85c872c5fbf
377f36a938ad5fbf
6a0bfac4d11460bf
f7b2576de45060bf
2ed97bded48a60bf
9ee20ccca3c260bf
9bba630c52f860bf
123f5d98e02b61bf
3e56298b505d61bf
00b71722a38c61bf
a36662bcd9b961bf
e1eff5daf5e461bf
e45c3720f90d62bf
92f4c74fe53462bf
47c5464ebc5962bf
db001021807c62bf
f72efaed329d62bf
713e11fbd6bb62bf
a27a4fae6ed862bf
176a548dfcf262bf
af9f193d830b63bf
5a83a581052263bf
df18bc3d863663bf
cccd8d72084963bf
2f53643f8f5963bf
938c4de11d6863bf
939ac4b2b77463bf
6908592b607f63bf
1a2554df1a8863bf
6a8f5c7feb8e63bf
5efc17d8d59363bf
1141cbd1dd9663bf
75a7f86f079863bf
6c96fcd0569763bf
ce95a82dd09463bf
acb6dcd8779063bf
94681f3f528a63bf
4bc433e6638263bf
4f55ae6cb17863bf
826a88893f6d63bf
19f7b10b136063bf
8f0da2d9305163bf
7efce5f09d4063bf
4e18af655f2e63bf
89395f627a1a63bf
f4f91327f40463bf
81ba3009d2ed62bf
877ae77219d562bf
4d8ac0e2cfba62bf
b12321ebfa9e62bf
f3f0d031a08162bf
478c7e6fc56262bf
4703436f704262bf
5d65240ea72062bf
ad6a973a6ffd61bf
8d3a00f4ced861bf
ca5c324accb261bf
34e1ef5c6d8b61bf
22c5675bb86261bf
48a2b383b33861bf
ceb25422650d61bf
fc30b091d3e060bf
9e218b3905b360bf
468f858e008460bf
88429511cc5360bf
1f03804f6e2260bf
2fd2aac0dbdf5fbf
3394d0cda2785fbf
b09d8f203f0f5fbf
796f7026bea35ebf
72b9565f2d365ebf
d1e9715c9ac65dbf
5b562dbf12555dbf
bb202038a4e15cbf
90e0fc855c6c5cbf
842b817449f55bbf
b91465db787c5bbf
f2af4a9df8015bbf
d7b0ada6d6855abf
0240d3ec20085abf
1c0eba6ce58859bf
fec70a2a320859bf
47f4082e158658bf
d35284869c0258bf
c2d7ca44d67d57bf
494c9b7cd0f756bf
e6ad1843997056bf
4765bead3ee855bf
285e55d1ce5e55bf
7b19eac057d454bf
22d2c38ce74854bf
8dba5c418cbc53bf
6f765be6532f53bf
7ed68d7d4ca152bf
53eee401841252bf
579c7266088351bf
7b8c6895e7f250bf
66cd186f2f6250bf
501ef091dba14fbf
0c2843d9607e4ebf
d6d3b92d0a5a4dbf
ba084bedf2344cbf
d8746858360f4bbf
9e951590efe849bf
78d3029439c248bf
22ddac402f9b47bf
1c70804deb7346bf
7a99024b884c45bf
b09bfda0202544bf
dfa3b28ccefd42bf
0053101facd641bf
665cee3ad3af40bf
0c779c26bb123fbf
a4584253c9c63cbf
021a2798037c3abf
6e67bb279c3238bf
48bc34c7c4ea35bf
d2c545cbaea433bf
d057e2148b6031bf
dd7d1e1c143d2ebf
637a7c4db7bd29bf
0a5a6ca35e4325bf
52850f0368ce20bf
a7993b9660be18bf
fd7f07384dd80fbf
3f6680605e9bfcbe
71701445920dd93e
dedac9057574043f
f044d3b29dd4123f
6645b333565f1b3f
ae68feefdcec213f
c17ba97b9021263f
51944a14734d2a3f
d134db4d33702e3f
daa6d67ec044313f
d8368e9f864c333f
b68f103c454f353f
1e3be32ed64c373f
40af40fc1345393f
55a934d4d9373b3f
804ba99403253d3f
e5a564cb6d0c3f3f
1f61fbdbfa76403f
2000cca6bc64413f
64ce7b9a6b4f423f
e335fd66f736433f
ccceb418501b443f
8eb4481966fc443f
cad967302ada453f
e33689848db4463f
50e1a29b818b473f
3bfad85bf85e483f
1466240ce42e493f
3955f15437fb493f
d190b540e5c34a3f
837e7e3ce1884b3f
35e676181f4a4c3f
b96c640893074d3f
8fba1ca431c14d3f
da5df2e7ef764e3f
744f1935c3284f3f
ec2c0352a1d64f3f
f68e59354040503f
65b084882b93503f
2445831e0ee4503f
cb3983a6e332513f
e469f902a87f513f
dfc8b64957ca513f
a366f9c3ed12523f
574e79ee6759523f
53497179c29d523f
2980a348fadf523f
9a035a730c20533f
5f3e6344f65d533f
8c500a3ab599533f
a45d0b0647d3533f
aece838da90a543f
218bdee8da3f543f
d232bc63d972543f
9357d77ca3a3543f
49c1e4e537d2543f
2bc06f8395fe543f
7191b26cbb28553f
73e06aeba850553f
b768aa7b5d76553f
ecbea3cbd899553f
cc4a73bb1abb553f
c677e45c23da553f
332333f3f2f6553f
4b53c9f28911563f
8c3bf900e929563f
389ab3f31040563f
75763ad10254563f
ab47d0cfbf65563f
139163554975563f
47fa36f7a082563f
56ee8579c88d563f
efcc25cfc196563f
87b623198f9d563f
75ff5ea632a2563f
445420f3aea4563f
709aada806a5563f
5699da9c3ca3563f
937696d1539f563f
ee1176744f99563f
d54c3bde3291563f
884959920187563f
f1ae753ebf7a563f
1efde6b96f6c563f
30003005175c563f
1d6e7849b949563f
9fbc02d85a35563f
b53d9f29001f563f
348f1cdead06563f
8a6bb5bb68ec553f
efea7bae35d0553f
5541c2c719b2553f
5f08813d1a92553f
fe24bb693c70553f
8a54dfc9854c553f
b07327fefb26553f
4e8bf5c8a4ff543f
1bb32e0e86d6543f
47db93d2a5ab543f
4589183b0a7f543f
ef98378cb950543f
21134629ba20543f
3625c49312ef533f
c74eac6ac9bb533f
b2d0c069e586533f
a86fd7686d50533f
d49b235b6818533f
860a7f4eddde523f
a8d3b06ad3a3523f
9025b3f05167523f
b89bf7396029523f
7a4aaab705ea513f
2893f3f149a9513f
e0ca38873467513f
1fcc5b2bcd23513f
d27df9a61bdf503f
a662a7d62799503f
244430aaf951503f
9805d0239909503f
1b63ddae1c804f3f
94acb5d3c2ea4e3f
6874062035534e3f
7804601c84b94d3f
24a7766ec01d4d3f
a10893d7fa7f4c3f
48de013344e04b3f
b7e98274ad3e4b3f
397eb7a6479b4a3f
eab190e923f6493f
264ebd70534f493f
e2a71782e7a6483f
f4861374f1fc473f
1b2e2cac8251473f
5fb7529daca4463f
31d65cc680f6453f
352674b01047453f
a52d86ed6d96443f
3e28b516aae4433f
f0bfc9cad631433f
c2dba5ac057e423f
de92b86148c9413f
97787390b013413f
4f50c1de4f5d403f
c79cfce06f4c3f3f
151ae4cbf4dc3d3f
7c8c96b4516c3c3f
26f23ac4a9fa3a3f
8e3cc1132088393f
18fce5a8d714383f
d3963a73f3a0363f
c3533249962c353f
db5234e5e2b7333f
71d5b2e2fb42323f
0fee47bb03ce303f
65bdaf8739b22e3f
56d57253d2c82b3f
8876c8df15e0283f
ba314bd847f8253f
0f7db788ab11233f
dec26fd7832c203f
64c31c8026921a3f
053b0c9c37cf143f
2490445d7c210e3f
0881bddc78ae023f
9a83438f9c19ed3e
b2c9bcd1e156e0be
dbbae776cfc9febe
e11b37bd2aa60abf
be98feea43ec12bf
c40de8e2837d18bf
f45edae15a061ebf
d2c025e427c321bf
41327b62757e24bf
d06f03afda3427bf
5da50f3d1de629bf
80bd9b3403922cbf
022baa7653382fbf
8bccc5d06aec30bf
d931890aa93932bf
6cbd58fbc88333bf
6f25c39aafca34bf
ccd32647420e36bf
5194a1c7664e37bf
7779f54d038b38bf
1acd6278fec339bf
0ee176533ff93abf
17bacf5bad2a3cbf
886ad47f30583dbf
157af3a4bdba85bf
2345d73d91b985bf
cc0f576bb6b785bf
c584324f2db585bf
d256fe14f6b185bf
fcdb20f210ae85bf
ecffcd257ea985bf
da8d02f93da485bf
b7d27ebe509e85bf
8a97c0d2b69785bf
c074fc9b709085bf
217f168a7e8885bf
5b4e9a16e17f85bf
a55eb2c4987685bf
4ecd1e21a66c85bf
4d712bc2096285bf
e050a547c45685bf
6974cf5ad64a85bf
9d1757ae403e85bf
713a47fe033185bf
e591fb0f212385bf
e2d912b2981485bf
ff8960bc6b0585bf
bfecdd0f9bf584bf
179c9a9627e584bf
0263ac4312d484bf
e1851e135cc284bf
8473e00906b084bf
f8deb335119d84bf
0c441aad7e8984bf
9fd8418f4f7584bf
51eaf103856084bf
5bac763b204b84bf
08758c6e223584bf
406d4ade8c1e84bf
5eb40cd4600784bf
83f85da19fef83bf
c285e09f4ad783bf
b0ce363163be83bf
826eebbeeaa483bf
24a758bae28a83bf
475e8f9c4c7083bf
a7983de6295583bf
7b78941f7c3983bf
73be2dd8441d83bf
21d0f0a6850083bf
ec46f72940e382bf
8807710676c582bf
eee487e828a782bf
33d242835a8882bf
55a268900c6982bf
c85b62d0404982bf
d61e1d0af92882bf
59a2eb0a370882bf
154a67a6fce681bf
bdd650b64bc581bf
0fb3701a26a381bf
8ae176b88d8081bf
ac8ada7b845d81bf
582fb9550c3a81bf
1083b53c271681bf
25edd52cd7f180bf
3eb762271ecd80bf
73e8c332fea780bf
9bd05e5a798280bf
d84773ae915c80bf
19a2f843493680bf
955a7a34a20f80bf
68f6e83b3dd17fbf
977d5f4581827fbf
90ea3ad214337fbf
31516637fce27ebf
f80c8cd13b927ebf
9926cc04d8407ebf
344b723cd5ee7dbf
385dabea379c7dbf
7da73a8804497dbf
dfb12e943ff57cbf
f2bf9593eda07cbf
5b023211134c7cbf
0e782d9db4f67bbf
0a8fcdccd6a07bbf
6981263a7e4a7bbf
ef77ce83aff37abf
6b7a904c6f9c7abf
772d1f3bc2447abf
3b66c7f9acec79bf
959c2236349479bf
613bc9a05c3b79bf
32d704ed2ae278bf
a75482d0a38878bf
50fb0303cc2e78bf
f984133ea8d477bf
4526b43c3d7a77bf
9e9914bb8f1f77bf
2f354176a4c476bf
2e0bd62b806976bf
f71cb199270e76bf
3caaa47d9fb275bf
cc982995ec5675bf
2805129d13fb74bf
64f83b51199f74bf
5f4c446c024374bf
1ec739a7d3e673bf
006c50b9918a73bf
970b9557412e73bf
bb1aa134e7d172bf
a8cf4e00887572bf
bc8d6d67281972bf
c1a87613cdbc71bf
e87b42aa7a6071bf
ade4bdcd350471bf
991da01b03a870bf
e001212de74b70bf
06845f2dcddf6fbf
721054cf0b286fbf
9d29275493706ebf
69b69cc46cb96dbf
0237a61da1026dbf
b210d54f394c6cbf
f3e9cd3e3e966bbf
b027bdc0b8e06abf
e29bcc9db12b6abf
c0619a8f317769bf
bff7b04041c368bf
c3a6004ce90f68bf
f2325a3c325d67bf
b4e5ea8b24ab66bf
9a00baa3c8f965bf
cf9027db264965bf
79c06c77479964bf
339d1dab32ea63bf
7563ac95f03b63bf
e45cee42898e62bf
ca4da2aa04e261bf
ea7ff8af6a3661bf
3d791c21c38b60bf
c8ab806d2bc45fbf
96c15327d4725ebf
1ec482888f235dbf
8a62447c6cd65bbf
6b315abf798b5abf
b00939dfc54259bf
a01a35395ffc57bf
0ac7b1f953b856bf
e544551bb27655bf
3c174066873754bf
ba7c486fe1fa52bf
04bf3997cdc051bf
e194170a598950bf
f508cb7c21a94ebf
55b9e4e802454cbf
20b94f6b6fe649bf
2efbbca77f8d47bf
8bec6ad14b3a45bf
9513dea9ebec42bf
0e34a27f76a540bf
9a3c285a06c83cbf
25aa682e505138bf
b1c20459f6e633bf
49a5848f47122fbf
5a9010ee047026bf
b7712cbfedce1bbf
3e445c2cb6e305bf
4d0d8bb946daf63e
246f0e03c029163f
a2a142a48d33233f
12c33f6909372b3f
4b65947b868f313f
60754dfaa975353f
1dda9205ce4d393f
5b341275d2173d3f
3a6c5c12cc69403f
9253fd7a8040423f
8cd982e8f70f443f
2b76f15224d8453f
16d0c136f898473f
a9d15d956652493f
a53a94f562044b3f
70750264e1ae4c3f
bdd97473d6514e3f
d9473d3d37ed4f3f
7506c0b07cc0503f
ab96bb838986513f
f102d66ebd48523f
619a130d1407533f
b6794b3d89c1533f
4eda35221978543f
f6977522c02a553f
74e79ce87ad9553f
af392d634684563f
f45a92c41f2b573f
62ca188304ce573f
0047df58f26c583f
4ca2c343e707593f
76d54a85e19e593f
0b5884a2df315a3f
c3cbe863e0c05a3f
3df033d5e24b5b3f
3df33945e6d25b3f
431cb845ea555c3f
8bd520abeed45c3f
1222638cf34f5d3f
2482ad42f9c65d3f
d8492c69003a5e3f
a678c3dc09a95e3f
1016c4bb16145f3f
80169d65287b5f3f
cddb877a40de5f3f
8726986db01e603f
b44c2cd4454c603f
23553ca1e177603f
e4a5ac2485a1603f
e08dd5cd31c9603f
f9a24c2be9ee603f
590aaceaac12613f
91b457d87e34613f
0e8e40df6054613f
a4ada5085572613f
1a85d37b5d8e613f
f418e17d7ca8613f
7b476b71b4c0613f
2b244ed607d7613f
266d5c4979eb613f
be2215840bfe613f
d046575cc10e623f
14ca13c49d1d623f
deaffdc8a32a623f
736d3894d635623f
7b8d046a393f623f
2b9e6aa9cf46623f
3671e4cb9c4c623f
9fb50465a450623f
97f21c22ea52623f
faeae1c97153623f
80710e3c3f52623f
44b50471564f623f
b90e6e79bb4a623f
ef54d97d7244623f
c3c357be7f3c623f
a47a1892e732623f
a19c0267ae27623f
5c1a4ec1d81a623f
f32d1b3b6b0c623f
919108846afc613f
0f7ac860dbea613f
ed5cb4aac2d7613f
478c5f4f25c3613f
30b0285008ad613f
cc26cac17095613f
4355e9cb637c613f
f6f0a4a8e661613f
da4a22a4fe45613f
6ca7191cb128613f
8fa9617f030a613f
54dd794dfbe9603f
e66814169ec8603f
33ee9e78f1a5603f
1aa8ca23fb81603f
2dca13d5c05c603f
922d48584836603f
3d560d87970e603f
43aecb9068cb5f3f
02416c2049775f3f
f58691bddc205f3f
3861a4802fc85e3f
c5ffe7984d6d5e3f
c98f7f4b43105e3f
c61e73f21cb15d3f
3cc9b3fbe64f5d3f
21421fe8adec5c3f
3ac9824a7e875c3f
dba79dc664205c3f
8d4023106eb75b3f
ccc7bce9a64c5b3f
7ebe0a241ce05a3f
4436a69cda715a3f
2000223def015a3f
28ce0bfa6690593f
4e5fedd14e1d593f
7ecd4dccb3a8583f
0108b3f8a232583f
8592a36d29bb573f
889fa8475442573f
448e50a830c8563f
a8ec31b5cb4c563f
7e04ef9632d0553f
940b3a787252553f
550dda8498d3543f
5a98b0e8b153543f
5646c0cecbd2533f
51353460f350533f
8b7b68c335ce523f
beacf31aa04a523f
8987b1843fc6513f
98d0ce182141513f
3f7cd6e851bb503f
942bc0fede34503f
972600b8aa5b4f3f
f5c530f1834c4e3f
50675884633c4d3f
64282836632b4c3f
2e92e8b29c194b3f
5286a98c29074a3f
1ddc753923f4483f
6cb18a11a3e0473f
229c924dc2cc463f
84e4e4049ab8453f
f3d4c82b43a4443f
4f48bd91d68f433f
619ec4df6c7b423f
6522b5961e67413f
020a8e0d0453403f
896ba2df6a7e3e3f
1c6ac37795573c3f
5d93ce82b7313a3f
cbda6d3f000d383f
0efd80889ee9353f
b47203d2c0c7333f
430bfd2595a7313f
afecfa4292122f3f
240946e313da2a3f
955259a108a6263f
ff052f06c976223f
17c5205359991c3f
17beff581450143f
282fefcedc24083f
6bb694258608ef3e
88b33e5c750df1be
c7debf976db408bf
b71f529cd86214bf
de917cf7a15c1cbf
f54861217a2322bf
bd3fb591991026bf
e3fbfe4362f529bf
891dba5888d12dbf
af7c098f60d230bf
7c63228a61b732bf
e70ceef8a29734bf
6fa4ee53017336bf
4530e7b2594938bf
df55d2ce891a3abf
a2bbca0370e63bbf
65dae452ebac3dbf
7855fa63db6d3fbf
c542b343909440bf
8728dadb4d6f41bf
fa929e4d174742bf
9d79dcc2dd1b43bf
3a96dfbc92ed43bf
e65a1c1528bc44bf
264be1fd8f8745bf
2ec50003bd4f46bf
541b730aa21447bf
ba0bf15432d647bf
0b86867e619448bf
8bb61d7f234f49bf
655b02ab6c064abf
2b5c5db331ba4abf
2598a8a6676a4bbf
27f51af103174cbf
70a70c5dfcbf4cbf
82a8531347654dbf
e86d989bda064ebf
1ecba2dcada44ebf
de0e9f1cb83e4fbf
9b565b01f1d44fbf
b3893e48a83350bf
1067d797e77a50bf
831363d232c050bf
8907f18a860351bf
65a6c084df4451bf
ea9f48b33a8451bf
b27b3a3a95c151bf
cf4c826decfc51bf
da8f42d13d3652bf
b93acc19876d52bf
a0ff922bc6a252bf
8ac51d1bf9d552bf
2e5ef32c1e0753bf
447c83d5333653bf
deec0bb9386353bf
e21d7aab2b8e53bf
9df148b00bb753bf
60e95afad7dd53bf
a3abd0eb8f0254bf
6deadb15332554bf
7eb38e38c14554bf
602fa7423a6454bf
92d557519e8054bf
681f0cb0ed9a54bf
00c029d828b354bf
3268ce7050c954bf
28218a4e65dd54bf
1b43167368ef54bf
3913090d5bff54bf
5d1086773e0d55bf
7cf7ea39141955bf
328a7907de2255bf
4220febe9d2a55bf
c90d736a553055bf
d2e8a03e073455bf
e8b7bb9ab53555bf
a814fd07633555bf
b74c3b39123355bf
268c7d0ac62e55bf
831c8d80812855bf
a3c383c8472055bf
2a4e57371c1655bf
16516249020a55bf
4c2eeaa1fdfb54bf
f868a20a12ec54bf
9c542d7343da54bf
362d9af095c654bf
5fa3e0bc0db154bf
f9e95936af9954bf
205337df7e8054bf
3388f65c816554bf
ac6ad377bb4854bf
b6ac371a322a54bf
132c2850ea0954bf
db20b046e9e753bf
b72a4a4b34c453bf
e14b47cbd09e53bf
7ee13353c47753bf
05a53a8e144f53bf
24c68545c72453bf
a62d9e5fe2f852bf
63f4c8df6bcb52bf
1e1f63e5699c52bf
68af3babe26b52bf
4314ec86dc3952bf
020f2fe85d0652bf
b61636586dd151bf
6d4bfd78119b51bf
310a9e04516351bf
652da0cc322a51bf
2b0b4ab9bdef50bf
a742efc8f8b350bf
25633e0feb7650bf
95828db49b3850bf
3d9b4bea23f24fbf
f4461c41aa704fbf
609da931d9ec4ebf
2fceb0a3bf664ebf
22dc1fa16cde4dbf
1c6fa454ef534dbf
5056390857c74cbf
97ddb223b3384cbf
2f1c4a2b13a84bbf
fc4d27be86154bbf
9f67eb941d814abf
78f73880e7ea49bf
90773c67f45249bf
3d36344654b948bf
75e9f72c171e48bf
6112803d4d8147bf
e2546daa06e346bf
fad78fb5534346bf
6fd36eae44a245bf
a46fd0f0e9ff44bf
8f0742e3535c44bf
97fda0f592b743bf
af32a49fb71143bf
3d44665fd26a42bf
2fb5f0b7f3c241bf
9814c82f2c1a41bf
4145794f8c7040bf
b2175040498c3fbf
53de3d540b363ebf
033ac1e67fde3cbf
b3bf75fcc7853bbf
